q_local_idx,query_lab,num_valid_candidates,top1_score,top1_tm,top1_seqid,top12_mean_score,top12_mean_tm,top12_mean_seqid,ranking_mode
566,5NCW-A,12,0.34518000000000004,0.94518,0.271,0.33668500000000007,0.9366849999999999,0.2768333333333333,top12_mean
362,1IVH-A,12,0.36338000000000004,0.96338,0.364,0.33534,0.93534,0.33758333333333335,top12_mean
382,1J93-A,12,0.34878,0.94878,0.371,0.3339016666666667,0.9339016666666667,0.34783333333333327,top12_mean
933,6XS4-A,12,0.35501000000000005,0.95501,0.365,0.3333525,0.9333524999999998,0.31099999999999994,top12_mean
339,2I75-A,12,0.33210000000000006,0.9321,0.37,0.3204475,0.9204475,0.3720833333333333,top12_mean
712,7QS0-A,12,0.34730000000000005,0.9473,0.366,0.3191333333333333,0.9274666666666667,0.3615,top12_mean
369,2J07-A,12,0.34436,0.94436,0.378,0.31548333333333334,0.9154833333333334,0.308,top12_mean
613,1OHT-A,12,0.33481000000000005,0.93481,0.394,0.3119483333333333,0.913115,0.36125,top12_mean
646,1P9B-A,12,0.36188,0.96188,0.391,0.30126833333333336,0.9206850000000001,0.4116666666666666,top12_mean
647,7P91-A,12,0.3221200000000001,0.92212,0.346,0.3009691666666667,0.9013025,0.3506666666666667,top12_mean
452,6L1L-A,12,0.31899,0.91899,0.298,0.2967908333333334,0.8967908333333333,0.24533333333333332,top12_mean
118,7D17-A,12,0.32084,0.92084,0.393,0.2925683333333333,0.8925683333333333,0.36250000000000004,top12_mean
724,2QZJ-A,12,0.33513000000000004,0.93513,0.294,0.2845883333333334,0.8845883333333333,0.27566666666666667,top12_mean
651,1PCH-A,12,0.34482999999999997,0.94683,0.402,0.28403500000000004,0.8993683333333333,0.39499999999999996,top12_mean
673,2PZ0-A,12,0.33614,0.93614,0.381,0.28359416666666676,0.8845108333333332,0.32166666666666666,top12_mean
704,6QPU-A,12,0.32322000000000006,0.92322,0.322,0.28122416666666666,0.9212241666666666,0.387,top12_mean
337,3I6T-A,12,0.34596000000000005,0.94596,0.279,0.281,0.9065833333333333,0.29575,top12_mean
701,6QM7-K,12,0.31026,0.91026,0.335,0.2774741666666667,0.8774741666666667,0.22725000000000004,top12_mean
23,2ASU-B,12,0.29725999999999997,0.89726,0.324,0.2769341666666667,0.8769341666666667,0.29875,top12_mean
94,3CIA-A,12,0.35609,0.95609,0.351,0.27689,0.87689,0.31275000000000003,top12_mean
655,2PGW-A,12,0.31901999999999997,0.91902,0.264,0.27638833333333335,0.8763883333333334,0.24749999999999997,top12_mean
245,2FNC-A,12,0.33638999999999997,0.93639,0.331,0.2751275,0.9089608333333333,0.3745833333333333,top12_mean
624,7OO1-A,12,0.32399,0.92399,0.364,0.2746516666666667,0.8765683333333333,0.35941666666666666,top12_mean
412,6K2M-A,12,0.35821000000000003,0.95821,0.367,0.2744250000000001,0.9549250000000001,0.47183333333333327,top12_mean
385,3JCM-g,12,0.32363,0.92363,0.303,0.2741283333333334,0.8902116666666666,0.31708333333333333,top12_mean
307,4H60-A,12,0.30821,0.90821,0.275,0.27335750000000003,0.8733574999999999,0.30183333333333334,top12_mean
631,7OVX-A,12,0.33897,0.94097,0.402,0.27082000000000006,0.92657,0.451,top12_mean
112,5CXO-A,12,0.28409000000000006,0.88409,0.252,0.2707216666666667,0.8707216666666667,0.2639166666666667,top12_mean
942,5XZD-A,12,0.34104999999999996,0.94405,0.403,0.2704208333333334,0.9418375,0.44775000000000004,top12_mean
589,1NUN-A,12,0.30734000000000006,0.90734,0.338,0.2699858333333334,0.8820691666666667,0.34525,top12_mean
310,6HCI-A,12,0.33727000000000007,0.93727,0.302,0.26911916666666674,0.8691191666666667,0.27475,top12_mean
906,6WY8-A,12,0.34367000000000003,0.94367,0.383,0.2671466666666667,0.8671466666666666,0.2340833333333333,top12_mean
239,5FD8-A,12,0.31791,0.91791,0.318,0.2670083333333334,0.8670083333333333,0.2859166666666667,top12_mean
240,3FF7-C,12,0.32271000000000005,0.92271,0.348,0.2664341666666667,0.8816008333333333,0.32466666666666666,top12_mean
550,4N27-A,12,0.34614,0.94614,0.374,0.2663675,0.8777841666666667,0.34741666666666665,top12_mean
386,5JC8-A,12,0.2958700000000001,0.89587,0.283,0.2652583333333334,0.8652583333333334,0.30966666666666665,top12_mean
955,4Y91-A,12,0.29504,0.94104,0.446,0.2619291666666667,0.9322625000000001,0.4703333333333333,top12_mean
269,3GCE-A,12,0.31701,0.91701,0.327,0.26110833333333333,0.8611083333333333,0.2744166666666667,top12_mean
34,5B1X-A,12,0.3140300000000001,0.92303,0.409,0.26044166666666674,0.8780249999999999,0.35141666666666665,top12_mean
775,3T6K-A,12,0.29208,0.89208,0.35,0.25998916666666666,0.8599891666666667,0.296,top12_mean
0,4A27-A,12,0.3117,0.9117,0.306,0.2588033333333334,0.8653866666666667,0.2590833333333333,top12_mean
505,5M1T-A,12,0.29995000000000005,0.90595,0.406,0.25710666666666665,0.8693566666666669,0.3466666666666667,top12_mean
495,3LTE-A,12,0.2934800000000001,0.89348,0.254,0.2568358333333333,0.8568358333333332,0.25750000000000006,top12_mean
234,1F89-A,12,0.28566,0.88566,0.301,0.2561883333333334,0.8561883333333334,0.25475000000000003,top12_mean
459,3L49-A,12,0.29663000000000006,0.89663,0.228,0.2533541666666667,0.8693541666666667,0.24133333333333337,top12_mean
791,5TS0-A,12,0.27761,0.87761,0.183,0.24871416666666668,0.8745474999999999,0.21433333333333335,top12_mean
130,3DB2-A,12,0.28167,0.88167,0.18,0.24807,0.84807,0.19233333333333336,top12_mean
947,6Y11-M,12,0.33734,0.93734,0.275,0.2473741666666667,0.8473741666666667,0.21775,top12_mean
769,3SYB-A,12,0.2789400000000001,0.87894,0.397,0.24522166666666664,0.8459716666666667,0.32399999999999995,top12_mean
332,3I47-A,12,0.27037,0.87037,0.298,0.24516833333333335,0.8451683333333332,0.2763333333333333,top12_mean
324,2HO5-A,12,0.29908,0.89908,0.184,0.24478333333333344,0.8447833333333333,0.17250000000000001,top12_mean
32,3B1S-B,12,0.27971999999999997,0.87972,0.214,0.24151500000000004,0.8474316666666667,0.35250000000000004,top12_mean
414,3K4H-A,12,0.29300000000000004,0.893,0.263,0.24120166666666668,0.8412016666666666,0.22908333333333333,top12_mean
515,4M88-A,12,0.29766000000000004,0.89766,0.251,0.2403941666666667,0.8403941666666669,0.164,top12_mean
827,1V3T-A,12,0.3286,0.9286,0.392,0.23944999999999997,0.8830333333333332,0.39366666666666666,top12_mean
212,4EVR-A,12,0.29659,0.89659,0.327,0.2385833333333333,0.8385833333333336,0.21866666666666668,top12_mean
199,1ELT-A,12,0.3176,0.9176,0.374,0.2382041666666667,0.9220375000000002,0.46108333333333335,top12_mean
1,4A5P-A,12,0.27866,0.87866,0.287,0.23816833333333332,0.8468349999999999,0.2695,top12_mean
390,7JL0-B,12,0.3023,0.9023,0.229,0.2378591666666667,0.8378591666666666,0.22441666666666668,top12_mean
666,3PNZ-A,12,0.24030000000000007,0.8403,0.274,0.23776750000000005,0.8377675000000001,0.2750833333333334,top12_mean
967,1YHM-A,12,0.32167,0.92167,0.285,0.23604250000000007,0.8852924999999999,0.3965,top12_mean
917,2X64-A,12,0.29294,0.89294,0.379,0.23323416666666671,0.8332341666666666,0.21691666666666667,top12_mean
648,2PAN-A,12,0.31239000000000006,0.91239,0.296,0.2327933333333334,0.8621266666666666,0.29866666666666664,top12_mean
53,7BIE-A,12,0.32642000000000004,0.92642,0.361,0.23125166666666672,0.8879183333333334,0.39291666666666664,top12_mean
33,4B15-A,12,0.31192,0.91192,0.342,0.23055833333333334,0.8305583333333333,0.2526666666666667,top12_mean
361,6IUB-A,12,0.27495,0.87495,0.227,0.22679666666666667,0.8277133333333332,0.26866666666666666,top12_mean
306,1H6K-X,12,0.27927,0.87927,0.297,0.22627083333333334,0.8262708333333332,0.25425,top12_mean
89,2CGJ-A,12,0.28593999999999997,0.88594,0.303,0.22543750000000004,0.8254375000000002,0.17666666666666664,top12_mean
886,3WNV-A,12,0.33488000000000007,0.93488,0.346,0.22410666666666676,0.8241066666666667,0.29225,top12_mean
838,1VHO-A,12,0.25251999999999997,0.85252,0.329,0.2240325,0.8240325000000001,0.30749999999999994,top12_mean
85,4CE4-U,12,0.31025,0.91025,0.319,0.2239333333333334,0.8966,0.42083333333333334,top12_mean
794,4TUF-A,12,0.28701000000000004,0.94601,0.459,0.22389666666666666,0.8826466666666667,0.37875,top12_mean
460,3L4R-A,12,0.30308999999999997,0.90309,0.277,0.22354583333333333,0.8235458333333333,0.23058333333333333,top12_mean
171,3E10-A,12,0.31510000000000005,0.9181,0.403,0.2228333333333334,0.8230833333333334,0.28683333333333333,top12_mean
462,6L69-A,12,0.32372,0.92772,0.404,0.22228833333333334,0.8850383333333333,0.37933333333333336,top12_mean
564,5NCK-A,12,0.28319000000000005,0.88319,0.329,0.22147916666666667,0.8214791666666668,0.2721666666666666,top12_mean
279,1GL2-D,12,0.33533,0.93533,0.309,0.22139333333333336,0.8213933333333333,0.10525000000000001,top12_mean
844,1VLH-A,12,0.32612,0.93912,0.413,0.22133333333333335,0.8739166666666667,0.38225,top12_mean
851,2VQA-A,12,0.31745,0.91745,0.38,0.22068083333333335,0.8206808333333333,0.31925,top12_mean
594,2NYF-A,12,0.32458,0.92458,0.36,0.22027833333333335,0.9190283333333333,0.42791666666666667,top12_mean
762,3SLG-A,12,0.25214000000000003,0.95814,0.506,0.2189016666666667,0.863235,0.332,top12_mean
522,3MFG-B,12,0.26343000000000005,0.86343,0.243,0.2187125,0.8187125000000001,0.26525000000000004,top12_mean
649,4PA1-A,12,0.31144000000000005,0.91144,0.361,0.21855250000000004,0.8678858333333334,0.4185833333333333,top12_mean
973,1YO5-C,12,0.29852,0.89852,0.395,0.21815583333333335,0.8919058333333333,0.47074999999999995,top12_mean
205,7EPT-R,12,0.30544000000000004,0.90544,0.388,0.21798250000000005,0.8679825,0.35474999999999995,top12_mean
913,4X4K-A,12,0.34618000000000004,0.94618,0.38,0.21723500000000004,0.8724016666666667,0.3893333333333333,top12_mean
964,4YF9-C,12,0.29417000000000004,0.89417,0.335,0.21657250000000006,0.8165724999999998,0.2401666666666666,top12_mean
847,7VP8-A,12,0.29563000000000006,0.89563,0.155,0.21510750000000003,0.8151074999999999,0.15116666666666667,top12_mean
215,7EWS-A,12,0.23119,0.83119,0.304,0.21489000000000003,0.81489,0.2963333333333333,top12_mean
271,2GH0-A,12,0.2983600000000001,0.90536,0.407,0.21356000000000006,0.8780600000000001,0.4400833333333332,top12_mean
49,3BE0-A,12,0.3168500000000001,0.91685,0.259,0.2128408333333334,0.9121741666666668,0.37125,top12_mean
333,5I47-A,12,0.27786,0.87786,0.289,0.21241833333333338,0.8124183333333335,0.17074999999999999,top12_mean
710,7QRX-A,12,0.3540800000000001,0.96408,0.41,0.21234750000000002,0.8547641666666669,0.30724999999999997,top12_mean
365,1IYN-A,12,0.26258000000000004,0.86258,0.357,0.21232833333333334,0.8330783333333333,0.32675,top12_mean
925,2XHF-A,12,0.31709,0.91709,0.359,0.2122191666666667,0.8145525,0.1955,top12_mean
68,1BYF-A,12,0.2338,0.8338,0.252,0.21129833333333337,0.8112983333333333,0.219,top12_mean
987,2YZJ-A,12,0.29406,0.89406,0.232,0.21116666666666664,0.8111666666666668,0.2235,top12_mean
208,5ERU-A,12,0.26696000000000003,0.92496,0.458,0.21078249999999998,0.8371991666666666,0.3884166666666667,top12_mean
667,7PNC-A,12,0.3573700000000001,0.95737,0.292,0.2106991666666667,0.9572824999999999,0.4691666666666667,top12_mean
311,2HDI-A,12,0.26593,0.86593,0.239,0.20978416666666666,0.8097841666666666,0.21941666666666662,top12_mean
259,1G2C-A,12,0.26938000000000006,0.86938,0.082,0.20915833333333333,0.8091583333333334,0.12075000000000001,top12_mean
790,7TRC-E,12,0.28709000000000007,0.88709,0.31,0.2076841666666667,0.8134341666666667,0.3156666666666667,top12_mean
908,1WZ8-A,12,0.2874300000000001,0.88743,0.292,0.2076,0.8351833333333333,0.32191666666666663,top12_mean
862,3VXG-A,12,0.28037000000000006,0.90637,0.426,0.20706916666666672,0.8092358333333333,0.28141666666666665,top12_mean
976,1YSQ-A,12,0.26899000000000006,0.86899,0.335,0.20658166666666666,0.8065816666666666,0.24566666666666667,top12_mean
325,6HR5-A,12,0.33085,0.93085,0.298,0.2065058333333333,0.8065058333333335,0.22341666666666662,top12_mean
71,6C0D-A,12,0.33257000000000003,0.93257,0.278,0.2058333333333334,0.8058333333333335,0.26316666666666666,top12_mean
165,5DWD-A,12,0.27935,0.87935,0.242,0.20537500000000006,0.8053750000000001,0.19683333333333333,top12_mean
765,1SVF-A,12,0.28415,0.88415,0.063,0.20478166666666672,0.8047816666666666,0.10958333333333335,top12_mean
338,4I6B-A,12,0.24360000000000004,0.8436,0.296,0.2047575,0.8633408333333334,0.36850000000000005,top12_mean
991,4Z0G-A,12,0.27437,0.87937,0.405,0.20408833333333332,0.8674216666666665,0.44983333333333336,top12_mean
877,6WHJ-A,12,0.24968,0.84968,0.343,0.2039766666666667,0.8039766666666667,0.2701666666666667,top12_mean
438,6KPF-R,12,0.2488100000000001,0.93081,0.482,0.20328833333333338,0.8101216666666667,0.2204166666666667,top12_mean
487,1LQA-A,12,0.25034,0.85034,0.309,0.20198666666666665,0.8019866666666665,0.28591666666666665,top12_mean
675,4Q6T-A,12,0.22571000000000008,0.82571,0.17,0.2019266666666667,0.8019266666666666,0.18325000000000002,top12_mean
945,5Y1Z-A,12,0.27222999999999997,0.87223,0.219,0.20150833333333337,0.8066749999999999,0.17641666666666667,top12_mean
488,5LQ8-A,12,0.27082000000000006,0.87082,0.256,0.20123250000000004,0.8144825000000001,0.22533333333333339,top12_mean
821,4UXM-A,12,0.24238000000000004,0.84238,0.21,0.20080416666666667,0.8008041666666669,0.2675,top12_mean
383,4J9T-A,12,0.258,0.858,0.28,0.20077500000000006,0.8604416666666667,0.32550000000000007,top12_mean
718,4QXF-A,12,0.31654000000000004,0.91654,0.322,0.20060583333333337,0.8249391666666667,0.3385833333333333,top12_mean
865,6W26-A,12,0.26642,0.86642,0.278,0.20030500000000007,0.8003050000000002,0.17683333333333331,top12_mean
822,1UZ5-A,12,0.25060000000000004,0.8506,0.279,0.19893249999999998,0.7989324999999999,0.30125,top12_mean
1011,5ZN9-A,12,0.2811,0.8811,0.299,0.19888833333333336,0.8488883333333335,0.3314166666666667,top12_mean
249,2FQ6-A,12,0.32211,0.92211,0.282,0.19819000000000006,0.8479399999999999,0.2925,top12_mean
696,2QKQ-A,12,0.26864,0.86864,0.25,0.19811,0.83686,0.32525,top12_mean
709,4QQ7-A,12,0.27869,0.88369,0.405,0.19784250000000006,0.8470091666666667,0.30925,top12_mean
780,3TEU-A,12,0.23614999999999997,0.83615,0.359,0.19728333333333337,0.8131999999999998,0.39158333333333334,top12_mean
274,4GI5-A,12,0.29791,0.89791,0.362,0.19724750000000005,0.8022475,0.32216666666666666,top12_mean
641,4P53-A,12,0.37862000000000007,0.97862,0.398,0.19705083333333337,0.7970508333333334,0.21833333333333335,top12_mean
38,4B60-A,12,0.30425,0.90425,0.218,0.1968175,0.7968175000000001,0.17266666666666666,top12_mean
436,4KM3-A,12,0.22737000000000007,0.82737,0.39,0.19618583333333336,0.8153524999999999,0.36775,top12_mean
342,5I9J-A,12,0.31451000000000007,0.91451,0.369,0.1960991666666667,0.8460991666666667,0.27075,top12_mean
800,4TZH-A,12,0.27649999999999997,0.8765,0.33,0.19600166666666663,0.7960016666666666,0.2976666666666667,top12_mean
213,5EVC-A,12,0.31865,0.91865,0.354,0.1950125,0.7950125,0.21175000000000002,top12_mean
853,3VQG-A,12,0.25868,0.85868,0.277,0.19495000000000004,0.8126166666666667,0.2843333333333334,top12_mean
350,2IHY-A,12,0.24085,0.84085,0.227,0.19486750000000005,0.7948675000000001,0.23191666666666666,top12_mean
734,2RA5-A,12,0.24409000000000003,0.84409,0.186,0.19399666666666668,0.7984133333333334,0.25325000000000003,top12_mean
508,5M3I-A,12,0.21991000000000005,0.81991,0.168,0.19390750000000004,0.8071575000000001,0.20016666666666663,top12_mean
661,2PKU-A,12,0.26672000000000007,0.86672,0.287,0.1937825,0.7937825,0.24241666666666664,top12_mean
410,2JZV-A,12,0.22477999999999998,0.82478,0.296,0.19355583333333334,0.7935558333333333,0.29883333333333334,top12_mean
677,7Q86-A,12,0.35483,0.95483,0.313,0.19351583333333333,0.8550158333333332,0.36016666666666675,top12_mean
406,5JYB-A,12,0.28389,0.88389,0.276,0.1925941666666667,0.8913441666666667,0.40225,top12_mean
777,3TC8-A,12,0.29913,0.89913,0.261,0.19226666666666667,0.8625166666666666,0.33316666666666667,top12_mean
735,4RBO-A,12,0.28728000000000004,0.91328,0.426,0.19217666666666675,0.8520099999999999,0.4045833333333333,top12_mean
958,2YAN-A,12,0.2866000000000001,0.8866,0.379,0.19185500000000003,0.8191883333333331,0.32725,top12_mean
776,1TAF-B,12,0.24319000000000002,0.84319,0.143,0.19174916666666672,0.7917491666666666,0.19208333333333338,top12_mean
197,6EJN-C,12,0.31434000000000006,0.91434,0.1,0.1902166666666667,0.8193833333333332,0.14375000000000002,top12_mean
962,5YDJ-A,12,0.28297000000000005,0.95397,0.471,0.18996416666666668,0.9522974999999999,0.5533333333333333,top12_mean
888,6WN9-A,12,0.26531000000000005,0.86531,0.235,0.18949333333333337,0.8373266666666667,0.24516666666666667,top12_mean
887,6WN5-A,12,0.22865999999999997,0.82866,0.143,0.18918333333333337,0.7891833333333333,0.14141666666666666,top12_mean
697,3QKG-A,12,0.30029000000000006,0.90029,0.247,0.18753083333333329,0.8370308333333334,0.2841666666666667,top12_mean
454,1L2T-A,12,0.26994000000000007,0.86994,0.397,0.18739666666666666,0.84248,0.3914166666666667,top12_mean
20,4AQR-D,12,0.29445,0.89445,0.0,0.18690166666666666,0.7869016666666666,0.10783333333333334,top12_mean
689,4QHR-A,12,0.3467100000000001,0.94871,0.402,0.1864675,0.7866341666666669,0.22266666666666665,top12_mean
905,4WY4-C,12,0.2721,0.8721,0.141,0.1862625,0.7862625,0.08116666666666666,top12_mean
801,1U0R-A,12,0.29007000000000005,0.89007,0.309,0.18588666666666667,0.8343033333333333,0.3133333333333333,top12_mean
807,5U5G-A,12,0.32144000000000006,0.92144,0.214,0.18520916666666667,0.7852091666666666,0.18566666666666665,top12_mean
463,7L6N-I,12,0.21830000000000005,0.9113,0.493,0.1838025,0.9144691666666668,0.5306666666666666,top12_mean
398,2JQR-B,12,0.28323,0.88323,0.366,0.1823666666666667,0.8830333333333334,0.4372500000000001,top12_mean
937,2XU6-A,12,0.29290000000000005,0.8929,0.049,0.1817325,0.7817324999999999,0.09333333333333334,top12_mean
694,6QJ4-C,12,0.23012,0.83012,0.365,0.18149916666666668,0.7814991666666667,0.25275,top12_mean
687,3QGU-A,12,0.23416000000000003,0.83416,0.225,0.1810366666666667,0.8464533333333334,0.30516666666666664,top12_mean
752,4RXL-A,12,0.34551000000000004,0.95951,0.414,0.18016333333333334,0.7824966666666667,0.1915833333333333,top12_mean
954,6Y75-A,12,0.22769000000000006,0.82769,0.165,0.17898083333333337,0.7789808333333333,0.17116666666666666,top12_mean
80,1CBK-A,12,0.30608,0.90608,0.381,0.17849749999999998,0.9040808333333331,0.5240000000000001,top12_mean
206,3EQV-A,12,0.3039000000000001,0.9159,0.412,0.17807000000000006,0.8834033333333333,0.461,top12_mean
167,5DYM-A,12,0.27124000000000004,0.87124,0.234,0.17783000000000004,0.7812466666666666,0.30050000000000004,top12_mean
314,4HGX-A,12,0.26334,0.86334,0.173,0.17717666666666668,0.7771766666666667,0.1708333333333333,top12_mean
65,1BWD-A,12,0.33247000000000004,0.93247,0.366,0.17693749999999997,0.7769375,0.24266666666666667,top12_mean
672,2PWA-A,12,0.3339800000000001,0.94698,0.413,0.17690833333333336,0.9334916666666665,0.536,top12_mean
441,5KS7-A,12,0.28561000000000003,0.88561,0.269,0.17678833333333335,0.7767883333333332,0.21941666666666662,top12_mean
357,6IP1-C,12,0.26258000000000004,0.86258,0.154,0.17636000000000004,0.77636,0.10783333333333334,top12_mean
430,4KGQ-A,12,0.32200000000000006,0.922,0.326,0.17626416666666667,0.8654308333333334,0.37125,top12_mean
238,7FC0-B,12,0.33004,0.93004,0.347,0.17623583333333334,0.8009025,0.22258333333333336,top12_mean
568,1ND4-A,12,0.31590000000000007,0.9159,0.386,0.17540083333333337,0.7754008333333333,0.23008333333333333,top12_mean
781,5TED-A,12,0.25436000000000003,0.85436,0.239,0.17512416666666666,0.7751241666666666,0.1755833333333333,top12_mean
157,4DR9-A,12,0.21379000000000004,0.81779,0.404,0.1751083333333334,0.7900250000000001,0.395,top12_mean
395,6JNP-B,12,0.24822000000000005,0.88222,0.434,0.17428416666666668,0.7829508333333334,0.2449166666666667,top12_mean
176,5E5D-A,12,0.33416,0.93416,0.337,0.17417000000000005,0.8954199999999998,0.48491666666666666,top12_mean
137,6DFI-E,12,0.20518000000000008,0.85918,0.454,0.17351250000000004,0.8549291666666666,0.47433333333333344,top12_mean
869,1W98-B,12,0.18176000000000003,0.78176,0.263,0.17322666666666667,0.7732266666666666,0.25866666666666666,top12_mean
723,2QZC-A,12,0.29790000000000005,0.8979,0.262,0.17267666666666667,0.7726766666666668,0.15533333333333335,top12_mean
149,2DMG-A,12,0.20652000000000004,0.80652,0.29,0.1724241666666667,0.7724241666666668,0.2831666666666666,top12_mean
986,1YXM-A,12,0.18400000000000005,0.784,0.269,0.17190750000000007,0.7719075000000001,0.29383333333333334,top12_mean
695,2QK7-B,12,0.29463000000000006,0.89463,0.287,0.17159083333333336,0.8506741666666667,0.3885,top12_mean
680,3QC0-A,12,0.23669000000000007,0.83669,0.17,0.1707816666666667,0.8310316666666667,0.26383333333333336,top12_mean
784,6TG2-A,12,0.30813,0.90813,0.295,0.17035416666666667,0.7703541666666668,0.18016666666666667,top12_mean
652,7PD2-A,12,0.33433999999999997,0.93434,0.332,0.17011083333333335,0.7701108333333334,0.19358333333333333,top12_mean
156,3DR2-A,12,0.28902000000000005,0.88902,0.33,0.16928500000000002,0.7692849999999999,0.1829166666666667,top12_mean
799,4TZ7-A,12,0.27518,0.87518,0.317,0.1690891666666667,0.8584225,0.42791666666666667,top12_mean
461,7L4S-A,12,0.23558,0.83558,0.261,0.1688733333333334,0.80079,0.23083333333333333,top12_mean
708,2QQ8-A,12,0.24280999999999997,0.84281,0.275,0.16746666666666668,0.7674666666666666,0.19200000000000003,top12_mean
969,5YH5-A,12,0.25361,0.85361,0.212,0.16567000000000004,0.7656700000000001,0.17858333333333332,top12_mean
531,5MOG-A,12,0.19767999999999997,0.79768,0.146,0.16388916666666667,0.7638891666666666,0.14975,top12_mean
693,7QIA-A,12,0.2679,0.8679,0.229,0.16348083333333338,0.7634808333333334,0.16391666666666668,top12_mean
859,7VT1-A,12,0.27648,0.91148,0.435,0.16323333333333337,0.8605666666666667,0.43191666666666667,top12_mean
590,3NUT-A,12,0.19906000000000001,0.79906,0.252,0.1630766666666667,0.7630766666666666,0.18000000000000002,top12_mean
700,6QM7-H,12,0.22675,0.82675,0.249,0.16255916666666673,0.8187258333333333,0.3438333333333334,top12_mean
77,1C7J-A,12,0.30133,0.90133,0.317,0.16200166666666668,0.8622516666666665,0.44050000000000006,top12_mean
1017,1ZX2-A,12,0.22873,0.82873,0.244,0.16188333333333335,0.7618833333333334,0.169,top12_mean
584,6NRX-A,12,0.2882,0.8882,0.337,0.16123833333333334,0.7687383333333332,0.23158333333333334,top12_mean
839,7VHV-A,12,0.33412,0.93412,0.373,0.16102583333333334,0.7646925000000001,0.24824999999999997,top12_mean
698,2QLP-A,12,0.3138500000000001,0.91385,0.359,0.1594033333333334,0.8711533333333333,0.44308333333333333,top12_mean
191,4EGW-A,12,0.25064,0.85064,0.206,0.15933666666666668,0.8070033333333334,0.23491666666666666,top12_mean
304,4H5U-A,12,0.21493000000000007,0.81493,0.222,0.15921583333333336,0.8277158333333333,0.30491666666666667,top12_mean
231,2F7N-A,12,0.24829,0.84829,0.209,0.1589966666666667,0.7589966666666667,0.15433333333333332,top12_mean
320,3HKZ-D,12,0.30674999999999997,0.90675,0.289,0.15870083333333337,0.8254508333333334,0.36683333333333334,top12_mean
804,7U2R-A,12,0.29339000000000004,0.97839,0.485,0.15825,0.7666666666666666,0.2261666666666667,top12_mean
59,4BSZ-B,12,0.19737000000000005,0.79737,0.252,0.15765666666666667,0.7576566666666666,0.25825000000000004,top12_mean
961,7YCS-A,12,0.31177,0.91177,0.301,0.1573116666666667,0.7573116666666667,0.18674999999999997,top12_mean
940,5XXU-U,12,0.27340000000000003,0.8834,0.41,0.15676166666666672,0.8716783333333334,0.47491666666666665,top12_mean
344,3IAU-A,12,0.24165999999999999,0.84166,0.188,0.15558083333333333,0.7555808333333333,0.20791666666666667,top12_mean
56,3BO5-A,12,0.22581000000000007,0.82581,0.34,0.1550716666666667,0.7550716666666667,0.3020833333333333,top12_mean
571,7NJK-H,12,0.25667000000000006,0.85667,0.25,0.15505833333333335,0.787975,0.285,top12_mean
996,6Z26-A,12,0.2882,0.8882,0.13,0.1549141666666667,0.7549141666666667,0.11683333333333334,top12_mean
643,3P6L-A,12,0.19257000000000002,0.79257,0.145,0.1542666666666667,0.7542666666666668,0.1416666666666667,top12_mean
209,7ERU-A,12,0.26095999999999997,0.86096,0.187,0.15408750000000002,0.8031708333333335,0.21466666666666667,top12_mean
500,4LWO-A,12,0.18438,0.78438,0.315,0.15371416666666668,0.7537141666666667,0.30541666666666667,top12_mean
110,1CWU-A,12,0.2158,0.8158,0.311,0.1536875,0.8034375000000001,0.3533333333333333,top12_mean
421,4KBX-A,12,0.18083000000000005,0.78083,0.151,0.1534833333333334,0.7534833333333334,0.13566666666666666,top12_mean
725,3R12-A,12,0.31231000000000003,0.93231,0.42,0.1525608333333334,0.7897275000000001,0.3451666666666666,top12_mean
946,6Y11-J,12,0.27683,0.87683,0.277,0.1524116666666667,0.7524116666666667,0.23850000000000002,top12_mean
233,4F71-A,12,0.31428,0.91428,0.364,0.1515141666666667,0.7515141666666668,0.21383333333333335,top12_mean
719,1QY6-A,12,0.23875999999999997,0.83876,0.297,0.15144250000000004,0.8772758333333335,0.4566666666666667,top12_mean
738,2RFL-A,12,0.24294000000000004,0.84294,0.317,0.15114333333333335,0.7511433333333334,0.20966666666666667,top12_mean
809,6U8Y-D,12,0.22472999999999999,0.82473,0.397,0.1510516666666667,0.7510516666666668,0.14625000000000002,top12_mean
949,1Y3K-A,12,0.19432000000000005,0.79432,0.25,0.150625,0.7542916666666667,0.26916666666666667,top12_mean
450,6L0T-A,12,0.16019000000000005,0.76019,0.149,0.1505491666666667,0.7505491666666666,0.13924999999999998,top12_mean
1015,4ZRS-A,12,0.16495000000000004,0.76495,0.185,0.15054000000000003,0.75054,0.17500000000000002,top12_mean
736,4RDV-A,12,0.24557000000000007,0.96157,0.516,0.1505216666666667,0.7601883333333334,0.18833333333333332,top12_mean
73,4C5O-A,12,0.26781,0.86781,0.235,0.14999583333333336,0.8313291666666666,0.31375,top12_mean
939,5XVM-A,12,0.22421000000000002,0.82421,0.22,0.14998583333333337,0.7499858333333335,0.15433333333333335,top12_mean
148,6DLM-A,12,0.23631000000000002,0.83631,0.081,0.14961750000000004,0.7496174999999999,0.13141666666666665,top12_mean
266,1GAJ-A,12,0.22715000000000007,0.82715,0.24,0.14956583333333337,0.7988991666666667,0.31174999999999997,top12_mean
552,2N4C-A,12,0.2426700000000001,0.85567,0.413,0.14956333333333335,0.7506466666666666,0.2648333333333333,top12_mean
622,4OO1-E,12,0.24536999999999998,0.84537,0.171,0.14937999999999999,0.7990466666666666,0.22791666666666668,top12_mean
100,2CO5-A,12,0.21000000000000008,0.81,0.227,0.1488925,0.7488925000000001,0.17133333333333334,top12_mean
7,6ABI-A,12,0.22028999999999999,0.82029,0.331,0.1488533333333333,0.7511033333333333,0.26808333333333334,top12_mean
582,3NRN-A,12,0.29547000000000007,0.90847,0.413,0.14844,0.7495233333333333,0.16608333333333333,top12_mean
640,1P33-A,12,0.24663000000000002,0.84663,0.255,0.14754833333333334,0.8330483333333335,0.3526666666666667,top12_mean
744,2RK5-A,12,0.23486000000000012,0.84486,0.41,0.1470916666666667,0.747925,0.19666666666666666,top12_mean
371,4J0M-A,12,0.28182000000000007,0.88182,0.397,0.1461366666666667,0.7466366666666667,0.29133333333333333,top12_mean
971,5YKR-A,12,0.2603,0.8603,0.247,0.14601333333333336,0.7960133333333334,0.2474166666666667,top12_mean
715,6QV6-A,12,0.23685000000000012,0.91185,0.475,0.1454775,0.7517275,0.20691666666666664,top12_mean
506,5M2S-A,12,0.22053,0.82053,0.206,0.1451316666666667,0.8036316666666666,0.27591666666666664,top12_mean
527,7MKV-A,12,0.28745,0.88745,0.23,0.14347583333333333,0.7434758333333332,0.12858333333333333,top12_mean
81,3CB6-A,12,0.32965,0.92965,0.395,0.14324666666666672,0.7432466666666668,0.21158333333333335,top12_mean
294,1GZJ-A,12,0.32389000000000007,0.94689,0.423,0.14322250000000006,0.9721391666666666,0.6038333333333333,top12_mean
434,4KK3-A,12,0.30265,0.90265,0.219,0.1431516666666667,0.9050683333333334,0.48216666666666663,top12_mean
612,3OGD-A,12,0.1876,0.7876,0.165,0.14314083333333336,0.7925575,0.22508333333333333,top12_mean
711,6QSR-A,12,0.21703000000000006,0.81703,0.188,0.14284500000000003,0.753095,0.13383333333333333,top12_mean
440,6KRL-A,12,0.3052700000000001,0.91827,0.413,0.14255750000000003,0.7978075000000001,0.29849999999999993,top12_mean
826,2V25-A,12,0.23839,0.83839,0.368,0.14213333333333333,0.7421333333333333,0.22383333333333333,top12_mean
756,6S7V-A,12,0.23179000000000005,0.83179,0.154,0.14195333333333335,0.7419533333333335,0.11283333333333335,top12_mean
46,7BB7-A,12,0.20098000000000005,0.80098,0.209,0.1416066666666667,0.7416066666666667,0.18800000000000003,top12_mean
499,3LWC-A,12,0.19730000000000003,0.7973,0.104,0.14159,0.74159,0.1495,top12_mean
335,1I6V-D,12,0.1932100000000001,0.86221,0.469,0.14133333333333337,0.8313333333333333,0.49,top12_mean
182,3EAD-A,12,0.3471,0.9611,0.414,0.14024500000000004,0.7940783333333332,0.296,top12_mean
567,6NCG-A,12,0.19799,0.79799,0.28,0.14013750000000005,0.7524708333333333,0.21350000000000002,top12_mean
451,7L0A-A,12,0.22521000000000002,0.82521,0.376,0.13901000000000005,0.7390100000000001,0.20625000000000002,top12_mean
64,7BV6-B,12,0.31762999999999997,0.91763,0.328,0.13887250000000004,0.7874558333333334,0.20191666666666666,top12_mean
287,3GR3-A,12,0.32243,0.92243,0.355,0.13876833333333338,0.7387683333333332,0.2715,top12_mean
941,5XYI-M,12,0.16854999999999998,0.76855,0.275,0.13830583333333335,0.7383058333333333,0.2505,top12_mean
374,2J2Z-B,12,0.22992,0.82992,0.22,0.13786500000000002,0.7378649999999999,0.18800000000000003,top12_mean
956,5Y9D-A,12,0.28696,0.88696,0.283,0.1376908333333334,0.7602741666666667,0.25808333333333333,top12_mean
417,3K6H-A,12,0.22254000000000007,0.82254,0.343,0.1373916666666667,0.7373916666666668,0.22499999999999998,top12_mean
174,3E58-A,12,0.2501300000000001,0.85013,0.25,0.13682833333333336,0.7368283333333333,0.2286666666666667,top12_mean
824,5UZM-A,12,0.28269,0.88269,0.398,0.13657166666666667,0.756655,0.26858333333333334,top12_mean
817,3UN6-A,12,0.31256000000000006,0.91256,0.178,0.1362691666666667,0.7362691666666666,0.13016666666666668,top12_mean
13,7AHC-C,12,0.25049,0.85049,0.382,0.13592583333333338,0.7855925,0.34624999999999995,top12_mean
387,6JD6-A,12,0.15851000000000004,0.75851,0.208,0.1353775,0.7353774999999999,0.31233333333333335,top12_mean
644,7P8K-A,12,0.30010000000000003,0.9001,0.113,0.13502333333333338,0.7350233333333334,0.08941666666666666,top12_mean
557,7N8W-A,12,0.26136000000000004,0.86136,0.367,0.1346191666666667,0.7346191666666666,0.15774999999999997,top12_mean
966,5YGB-A,12,0.22633999999999999,0.82634,0.353,0.134265,0.7910983333333332,0.3356666666666666,top12_mean
145,6DKM-A,12,0.20633,0.80633,0.343,0.13355000000000006,0.73355,0.1841666666666667,top12_mean
278,5GKK-A,12,0.23267000000000004,0.83267,0.157,0.1334666666666667,0.7334666666666666,0.13691666666666666,top12_mean
276,5GJQ-W,12,0.17964000000000002,0.77964,0.1,0.1332641666666667,0.7411808333333334,0.1485,top12_mean
394,1JNW-A,12,0.26873,0.86873,0.288,0.13325250000000008,0.7416691666666666,0.29183333333333333,top12_mean
248,5FOG-A,12,0.30196,0.90196,0.37,0.13235,0.8416833333333334,0.4795833333333333,top12_mean
881,4WKM-A,12,0.22733000000000003,0.97033,0.543,0.13174333333333335,0.7924100000000002,0.2304166666666667,top12_mean
731,2R77-A,12,0.22121000000000002,0.82121,0.256,0.13137500000000002,0.7574583333333335,0.255,top12_mean
810,3UAM-A,12,0.17672,0.77672,0.39,0.13125083333333334,0.7312508333333333,0.28458333333333335,top12_mean
405,3JYS-A,12,0.20840999999999998,0.80841,0.203,0.13069583333333334,0.7306958333333334,0.15866666666666668,top12_mean
28,5AWR-A,12,0.22033000000000003,0.89933,0.479,0.1305166666666667,0.7371,0.17825000000000002,top12_mean
935,5XTM-A,12,0.30874,0.90874,0.298,0.13049750000000004,0.9014141666666667,0.5296666666666666,top12_mean
74,1C6V-A,12,0.25151000000000007,0.88051,0.429,0.12985916666666672,0.8716091666666667,0.5276666666666666,top12_mean
483,3LL5-A,12,0.3069700000000001,0.90697,0.294,0.12801083333333338,0.7280108333333334,0.19925,top12_mean
1010,5ZLR-A,12,0.24557000000000007,0.84557,0.289,0.12776083333333332,0.7277608333333334,0.15341666666666667,top12_mean
811,5UBI-A,12,0.25825,0.85825,0.289,0.12769000000000003,0.72769,0.2405833333333333,top12_mean
591,3NV0-B,12,0.18611,0.78611,0.248,0.12679833333333337,0.7267983333333334,0.14616666666666667,top12_mean
743,2RK0-A,12,0.22282999999999997,0.82283,0.161,0.12666416666666672,0.7266641666666668,0.20750000000000002,top12_mean
703,7QOO-W,12,0.16282000000000008,0.76282,0.157,0.12600500000000003,0.7260050000000001,0.15325,top12_mean
211,3EU9-A,12,0.27956000000000003,0.87956,0.25,0.1259791666666667,0.8256458333333333,0.3799166666666667,top12_mean
637,4P2I-A,12,0.18249000000000004,0.78249,0.262,0.12595583333333335,0.7259558333333334,0.2304166666666667,top12_mean
54,3BLJ-A,12,0.28049,0.88049,0.359,0.12587333333333336,0.8467899999999999,0.4515,top12_mean
871,2WCI-A,12,0.23387999999999998,0.83388,0.374,0.1255516666666667,0.7733016666666667,0.3209166666666667,top12_mean
855,7VQV-A,12,0.23608000000000007,0.83608,0.311,0.12554000000000004,0.8437899999999999,0.44525,top12_mean
44,7B9X-A,12,0.15686,0.75686,0.314,0.12447583333333338,0.7244758333333333,0.2635,top12_mean
882,7WKH-A,12,0.27771,0.87771,0.143,0.12397916666666671,0.7513958333333335,0.1755,top12_mean
922,6XFQ-A,12,0.18946000000000007,0.78946,0.398,0.12382416666666674,0.8206574999999999,0.4870833333333333,top12_mean
884,3WMJ-A,12,0.24563000000000001,0.84563,0.105,0.12370083333333336,0.7722008333333332,0.14291666666666666,top12_mean
18,3AMD-A,12,0.29448,0.93748,0.443,0.12367583333333336,0.9081758333333334,0.507,top12_mean
428,3KG0-A,12,0.30835000000000007,0.91935,0.411,0.12338666666666671,0.82347,0.3056666666666667,top12_mean
272,6GH3-A,12,0.23018000000000005,0.83018,0.13,0.12323250000000002,0.7232325,0.156,top12_mean
607,4OB4-A,12,0.22349000000000008,0.82349,0.288,0.12317750000000001,0.7231774999999999,0.18866666666666665,top12_mean
48,1BD3-A,12,0.24963000000000002,0.84963,0.362,0.12241416666666671,0.7374141666666668,0.28574999999999995,top12_mean
555,4N5Q-A,12,0.2313300000000001,0.84333,0.412,0.12166416666666668,0.7364975000000001,0.27925000000000005,top12_mean
547,3MZ1-A,12,0.24962000000000006,0.84962,0.299,0.12093166666666667,0.7209316666666665,0.16708333333333336,top12_mean
1005,7ZGF-A,12,0.34202,0.94202,0.346,0.12024750000000001,0.7202475,0.20266666666666666,top12_mean
45,3BB5-A,12,0.19813000000000003,0.79813,0.194,0.1198891666666667,0.7198891666666668,0.15308333333333335,top12_mean
985,5YWY-A,12,0.20736,0.80736,0.329,0.11952500000000003,0.7686083333333334,0.2778333333333333,top12_mean
291,4GX7-A,12,0.33354000000000006,0.93354,0.397,0.11947083333333335,0.7194708333333334,0.17049999999999998,top12_mean
256,4FX4-A,12,0.24992999999999999,0.84993,0.154,0.11900500000000004,0.719005,0.17508333333333334,top12_mean
1009,4ZKY-A,12,0.15300000000000002,0.753,0.218,0.11893416666666669,0.7189341666666667,0.17350000000000002,top12_mean
770,6SYN-A,12,0.29679,0.89679,0.279,0.11832833333333335,0.8140783333333333,0.43983333333333335,top12_mean
14,8AHF-A,12,0.25982000000000005,0.85982,0.358,0.11830083333333334,0.8407175000000001,0.44975000000000004,top12_mean
141,2DIY-A,12,0.18213999999999997,0.78214,0.278,0.1182441666666667,0.7182441666666667,0.21750000000000003,top12_mean
75,5C6M-A,12,0.23507,0.83507,0.315,0.11797500000000005,0.9118916666666665,0.5478333333333333,top12_mean
686,3QFK-A,12,0.20991000000000004,0.80991,0.187,0.11735916666666667,0.7173591666666667,0.18566666666666665,top12_mean
36,3B48-A,12,0.17064000000000001,0.77064,0.153,0.11730166666666669,0.7173016666666666,0.15383333333333335,top12_mean
445,1KWM-A,12,0.3268100000000001,0.94181,0.415,0.11691500000000009,0.7978316666666668,0.3910833333333333,top12_mean
1013,4ZO3-A,12,0.29771000000000003,0.89771,0.253,0.11673666666666667,0.7167366666666667,0.208,top12_mean
717,6QWO-A,12,0.20700000000000007,0.807,0.141,0.11527750000000005,0.7276941666666666,0.19525,top12_mean
974,1YRW-A,12,0.28701,0.88701,0.233,0.11494500000000003,0.714945,0.2154166666666667,top12_mean
785,1TII-A,12,0.17290000000000005,0.9509,0.578,0.11398333333333337,0.8649833333333334,0.5024166666666666,top12_mean
490,4LRL-A,12,0.18079,0.78079,0.196,0.11374500000000003,0.7137449999999999,0.1968333333333333,top12_mean
343,6I97-A,12,0.23961,0.83961,0.387,0.11342583333333334,0.7650091666666667,0.29283333333333333,top12_mean
806,3U5W-A,12,0.22326000000000001,0.82326,0.276,0.1133716666666667,0.7133716666666666,0.151,top12_mean
17,7AL7-A,12,0.21098000000000006,0.81098,0.237,0.11323166666666669,0.7132316666666666,0.18058333333333335,top12_mean
404,5JXC-A,12,0.21662000000000003,0.81662,0.129,0.11267000000000003,0.71267,0.10641666666666667,top12_mean
331,6I3P-A,12,0.34013000000000004,0.94013,0.391,0.1117866666666667,0.86137,0.5398333333333333,top12_mean
620,6ON9-A,12,0.14882000000000006,0.74882,0.168,0.11158833333333333,0.7115883333333334,0.17575,top12_mean
498,1LWR-A,12,0.16303,0.76303,0.351,0.11153249999999999,0.7115325,0.18083333333333332,top12_mean
634,2OZE-A,12,0.19793000000000005,0.79793,0.246,0.1110691666666667,0.7110691666666668,0.19041666666666665,top12_mean
286,2GQT-A,12,0.3521500000000001,0.95215,0.378,0.1101016666666667,0.7101016666666666,0.23975,top12_mean
548,4N04-A,12,0.17449000000000003,0.77449,0.147,0.1099841666666667,0.7099841666666666,0.1658333333333333,top12_mean
1000,6ZB9-A,12,0.23812,0.83812,0.278,0.10984250000000005,0.7594258333333332,0.27858333333333335,top12_mean
50,6BEV-A,12,0.19078000000000006,0.79078,0.22,0.10863833333333335,0.7086383333333334,0.20000000000000004,top12_mean
873,1WF5-A,12,0.14084000000000008,0.74084,0.266,0.10801916666666671,0.7080191666666668,0.25216666666666665,top12_mean
706,6QPW-C,12,0.20832000000000006,0.80832,0.223,0.1075033333333334,0.7509199999999999,0.3038333333333334,top12_mean
768,1SXD-A,12,0.18279000000000006,0.80979,0.427,0.10669000000000005,0.7091066666666667,0.33158333333333334,top12_mean
850,2VQ2-A,12,0.22858,0.82858,0.226,0.10595666666666666,0.7059566666666667,0.16974999999999998,top12_mean
370,3J0L-L,12,0.26924000000000003,0.96524,0.496,0.10568583333333341,0.9045191666666664,0.5901666666666667,top12_mean
41,1B78-A,12,0.30412000000000006,0.90412,0.344,0.10513166666666669,0.7195483333333335,0.2566666666666667,top12_mean
948,2Y2Z-A,12,0.16649000000000003,0.76649,0.243,0.10459750000000001,0.7045975000000001,0.1905,top12_mean
194,7EHR-A,12,0.3063900000000001,0.91839,0.412,0.10453083333333339,0.9156141666666667,0.58925,top12_mean
907,6WYN-A,12,0.17457,0.77457,0.163,0.10402833333333332,0.753695,0.22624999999999998,top12_mean
236,1F94-A,12,0.18062,0.78062,0.25,0.10393916666666668,0.7039391666666667,0.27299999999999996,top12_mean
409,2JZN-A,12,0.3042,0.9042,0.244,0.10390583333333336,0.7539058333333334,0.27308333333333334,top12_mean
447,3KZX-A,12,0.13517,0.73517,0.183,0.10370750000000002,0.7037075,0.21091666666666667,top12_mean
932,2XSG-A,12,0.24141,0.84141,0.257,0.10312916666666667,0.7031291666666667,0.17299999999999996,top12_mean
861,3VWC-A,12,0.17293999999999998,0.77294,0.158,0.10278000000000004,0.7027800000000001,0.10408333333333336,top12_mean
129,5DAJ-A,12,0.25724,0.85724,0.326,0.10253583333333338,0.7025358333333332,0.18575,top12_mean
992,6Z0P-A,12,0.2998,0.9188,0.419,0.10250250000000001,0.7055858333333332,0.2465833333333333,top12_mean
329,5HY7-A,12,0.24780000000000002,0.9308,0.483,0.10162916666666673,0.7202125,0.2364166666666667,top12_mean
315,5HG0-A,12,0.3192900000000001,0.91929,0.364,0.10114000000000002,0.7011400000000001,0.27575,top12_mean
143,2DJQ-A,12,0.15549999999999997,0.7555,0.349,0.1010375,0.7142041666666668,0.3376666666666666,top12_mean
115,5CZD-B,12,0.18830000000000002,0.7883,0.211,0.0998666666666667,0.7126166666666666,0.23074999999999998,top12_mean
363,5IWM-A,12,0.3156900000000001,0.96369,0.448,0.09980166666666672,0.9415516666666668,0.6417499999999999,top12_mean
683,2QEC-A,12,0.19213000000000002,0.79213,0.129,0.09928000000000002,0.69928,0.1545,top12_mean
1014,1ZP6-A,12,0.21436,0.81436,0.199,0.09852749999999999,0.6985275,0.161,top12_mean
897,5WT9-G,12,0.15849999999999997,0.7585,0.242,0.09674250000000002,0.7451591666666667,0.27925,top12_mean
885,6WMT-B,12,0.16315999999999997,0.76316,0.258,0.09665000000000006,0.6966500000000001,0.2818333333333333,top12_mean
347,3ICQ-T,12,0.11031000000000002,0.71031,0.099,0.09652000000000001,0.69652,0.09866666666666667,top12_mean
989,7YZV-A,12,0.17780000000000007,0.7778,0.126,0.0964666666666667,0.7923833333333333,0.27325,top12_mean
303,5H48-A,12,0.25609000000000004,0.85609,0.352,0.09581500000000003,0.8765650000000001,0.4999166666666666,top12_mean
685,3QF4-A,12,0.24819000000000002,0.84819,0.274,0.09521916666666669,0.7865525,0.36125,top12_mean
597,4O2D-A,12,0.25822,0.94422,0.486,0.09489500000000002,0.8076450000000001,0.45525,top12_mean
83,3CE7-A,12,0.16349999999999998,0.7635,0.3,0.0947566666666667,0.6947566666666667,0.2066666666666667,top12_mean
86,7CEG-B,12,0.28788,0.88788,0.37,0.09426083333333335,0.9355941666666667,0.6290000000000001,top12_mean
354,6IJO-6,12,0.21537000000000006,0.89437,0.479,0.09423083333333336,0.8458141666666669,0.5486666666666666,top12_mean
31,6B0L-K,12,0.21121,0.81121,0.369,0.09416416666666667,0.7648308333333332,0.43883333333333324,top12_mean
260,6G2G-A,12,0.12862000000000007,0.72862,0.145,0.09386333333333337,0.6938633333333333,0.17033333333333334,top12_mean
915,2X5F-A,12,0.21347000000000005,0.81347,0.141,0.0935791666666667,0.6935791666666667,0.14400000000000002,top12_mean
326,1HTN-A,12,0.15822000000000003,0.75822,0.266,0.09329666666666668,0.7394633333333335,0.2981666666666667,top12_mean
16,3ALN-A,12,0.14385000000000003,0.74385,0.222,0.0932641666666667,0.7094308333333333,0.27949999999999997,top12_mean
263,3G8K-A,12,0.16798999999999997,0.76799,0.239,0.09318583333333336,0.7888525,0.40158333333333335,top12_mean
399,3JR1-A,12,0.11041000000000001,0.71041,0.145,0.09299249999999999,0.6929925,0.12816666666666668,top12_mean
424,2KE9-A,12,0.12309999999999999,0.7231,0.31,0.09252083333333337,0.6925208333333334,0.26875,top12_mean
691,2QIE-B,12,0.25564,0.85564,0.303,0.09234583333333335,0.6923458333333333,0.1910833333333333,top12_mean
952,6Y6Z-A,12,0.26841000000000004,0.86841,0.252,0.0917716666666667,0.8419383333333332,0.4399166666666667,top12_mean
466,2L9R-A,12,0.13598,0.73598,0.4,0.0909016666666667,0.7079016666666668,0.3658333333333334,top12_mean
602,5O51-A,12,0.15976,0.75976,0.189,0.09043000000000001,0.69043,0.09616666666666666,top12_mean
444,6KTQ-A,12,0.30722000000000005,0.90722,0.349,0.08926750000000006,0.6892675,0.26358333333333334,top12_mean
721,7QYD-A,12,0.13992000000000004,0.95092,0.611,0.08838750000000005,0.7589708333333333,0.2875833333333333,top12_mean
502,6LY5-M,12,0.2441100000000001,0.86211,0.418,0.08819750000000004,0.6896975,0.28675,top12_mean
797,1TY4-A,12,0.14324000000000003,0.74324,0.2,0.08792583333333333,0.7316758333333335,0.2636666666666667,top12_mean
608,5OBT-A,12,0.26409000000000005,0.86409,0.29,0.08724916666666667,0.8349991666666666,0.47991666666666677,top12_mean
854,7VQB-A,12,0.30408999999999997,0.90409,0.267,0.08698500000000002,0.7268183333333332,0.2534166666666667,top12_mean
609,5OC7-A,12,0.13561,0.73561,0.151,0.08647000000000003,0.6864699999999999,0.1455,top12_mean
896,4WTR-A,12,0.17389,0.77389,0.144,0.08561583333333335,0.7352825,0.19041666666666668,top12_mean
551,4N3O-A,12,0.19070000000000004,0.8437,0.453,0.08545333333333338,0.7067866666666668,0.23108333333333328,top12_mean
1016,3ZW5-A,12,0.16574,0.90674,0.541,0.08539750000000002,0.7094808333333334,0.23858333333333334,top12_mean
114,6CY6-A,12,0.22147000000000006,0.90947,0.488,0.08493083333333336,0.8710141666666668,0.5343333333333333,top12_mean
418,7K60-U,12,0.23504000000000003,0.83504,0.274,0.0846083333333334,0.7846083333333334,0.40149999999999997,top12_mean
814,4UFC-A,12,0.30965,0.90965,0.398,0.08444250000000005,0.6873591666666666,0.15158333333333338,top12_mean
747,6RKV-A,12,0.22632000000000002,0.88632,0.46,0.08411333333333341,0.8784466666666667,0.5943333333333333,top12_mean
1008,4ZKI-A,12,0.19122000000000006,0.79122,0.278,0.08329500000000002,0.6832949999999999,0.2518333333333333,top12_mean
216,4EXB-A,12,0.22447000000000006,0.82447,0.295,0.08185833333333334,0.6818583333333331,0.1576666666666667,top12_mean
874,7WFF-g,12,0.26929000000000003,0.86929,0.232,0.08021500000000002,0.680215,0.10533333333333333,top12_mean
852,2VQQ-A,12,0.23118000000000005,0.83118,0.295,0.07992083333333337,0.8562541666666665,0.47741666666666666,top12_mean
829,6V4X-H,12,0.21294999999999997,0.81295,0.302,0.07969916666666668,0.7496158333333334,0.3216666666666667,top12_mean
5,4A61-A,12,0.19633,0.79633,0.124,0.07951166666666669,0.7762616666666666,0.2748333333333333,top12_mean
96,6CJN-A,12,0.2789400000000001,0.87894,0.394,0.07910666666666673,0.9042733333333333,0.5910833333333333,top12_mean
346,2IBG-E,12,0.12419000000000002,0.97919,0.655,0.07853500000000004,0.9732016666666667,0.6946666666666665,top12_mean
241,7FGN-A,12,0.20443,0.80443,0.162,0.07818916666666668,0.7726058333333333,0.26366666666666666,top12_mean
117,3D14-A,12,0.30398000000000003,0.90398,0.291,0.07705666666666668,0.85689,0.4949166666666666,top12_mean
1023,5ZZ3-A,12,0.28597000000000006,0.88597,0.398,0.07705000000000006,0.9202166666666668,0.6220833333333333,top12_mean
863,2VZ4-A,12,0.18424000000000001,0.83924,0.455,0.07689750000000002,0.6879808333333332,0.29041666666666666,top12_mean
504,2M1I-A,12,0.21438999999999997,0.81439,0.374,0.07669000000000001,0.7603566666666666,0.45475,top12_mean
107,3CR3-C,12,0.19913999999999998,0.79914,0.282,0.07650583333333337,0.6765058333333333,0.14524999999999996,top12_mean
750,1RRP-B,12,0.22329,0.93129,0.508,0.07536583333333333,0.8347825000000001,0.5113333333333333,top12_mean
372,3J16-F,12,0.24408000000000007,0.93008,0.486,0.07535166666666669,0.6825183333333333,0.2275,top12_mean
716,1QWJ-A,12,0.14683999999999997,0.74684,0.126,0.07529000000000001,0.67529,0.14316666666666666,top12_mean
1004,6ZEP-A,12,0.28671,0.88671,0.286,0.07482083333333335,0.7248208333333332,0.24983333333333335,top12_mean
265,1GA7-A,12,0.2108,0.8108,0.272,0.07481916666666669,0.7227358333333335,0.3001666666666667,top12_mean
923,5XGT-A,12,0.23565999999999998,0.83566,0.385,0.07449416666666668,0.7998275,0.4844166666666667,top12_mean
252,1FTT-A,12,0.12102000000000002,0.72102,0.327,0.07436916666666671,0.6768691666666666,0.37433333333333335,top12_mean
539,2MTI-A,12,0.18057,0.78057,0.238,0.07402000000000003,0.7424366666666667,0.3829166666666666,top12_mean
442,2KT4-B,12,0.15214000000000005,0.75214,0.219,0.07389416666666672,0.7095608333333333,0.26408333333333334,top12_mean
288,2GU9-A,12,0.14371,0.74371,0.175,0.07372416666666669,0.6737241666666667,0.15183333333333335,top12_mean
841,3VI4-A,12,0.21118000000000003,0.91318,0.502,0.07317000000000005,0.7749199999999999,0.43475,top12_mean
261,6G7W-A,12,0.27343,0.92843,0.455,0.07129166666666668,0.6847916666666666,0.19650000000000004,top12_mean
321,6HKE-A,12,0.33447000000000005,0.93447,0.311,0.07060083333333335,0.6706008333333333,0.17425000000000002,top12_mean
789,4TR2-A,12,0.08835000000000004,0.68835,0.253,0.06936583333333336,0.6693658333333333,0.21216666666666664,top12_mean
351,6IHL-A,12,0.27153000000000005,0.87153,0.316,0.06921666666666675,0.8673833333333333,0.509,top12_mean
611,2OGP-A,12,0.18412000000000006,0.78412,0.348,0.0688758333333334,0.7635425000000001,0.40291666666666665,top12_mean
164,4DWN-A,12,0.16412000000000004,0.76412,0.179,0.06882000000000005,0.71882,0.24724999999999997,top12_mean
676,4Q8G-A,12,0.08940999999999999,0.68941,0.165,0.06835833333333335,0.6683583333333334,0.168,top12_mean
702,3QO6-A,12,0.15488000000000002,0.75488,0.324,0.06752000000000002,0.67277,0.367,top12_mean
679,1QAN-A,12,0.26666,0.86666,0.208,0.06661000000000002,0.66661,0.1658333333333333,top12_mean
626,1OQ1-A,12,0.12678,0.72678,0.11,0.06619583333333337,0.6661958333333334,0.08491666666666665,top12_mean
904,7WWF-A,12,0.17796,0.77796,0.213,0.06592,0.66592,0.18191666666666664,top12_mean
632,2OWA-A,12,0.26707000000000003,0.86707,0.336,0.06439416666666671,0.6643941666666667,0.23458333333333328,top12_mean
464,3L7X-A,12,0.17157,0.77157,0.313,0.06403916666666669,0.6699558333333333,0.30683333333333335,top12_mean
560,3NAP-B,12,0.24727,0.84727,0.372,0.06365083333333336,0.6636508333333333,0.15566666666666665,top12_mean
336,2I6E-A,12,0.28493999999999997,0.88494,0.303,0.06337000000000004,0.7127866666666667,0.233,top12_mean
128,3DAW-B,12,0.20537000000000005,0.80537,0.146,0.06307583333333334,0.7106591666666667,0.21166666666666667,top12_mean
857,3VSL-A,12,0.12070999999999998,0.72071,0.361,0.06263083333333334,0.6626308333333334,0.25466666666666665,top12_mean
8,7AB5-A,12,0.26805,0.86805,0.174,0.06199250000000001,0.6619924999999999,0.17433333333333334,top12_mean
892,3WQT-A,12,0.25877000000000006,0.85877,0.2,0.0617516666666667,0.7117516666666667,0.2305,top12_mean
40,7B6D-C,12,0.19865,0.79865,0.316,0.06130250000000001,0.6738025,0.19883333333333328,top12_mean
532,7MOD-A,12,0.18296999999999997,0.93897,0.556,0.0602116666666667,0.7844616666666666,0.35366666666666663,top12_mean
15,3AL2-A,12,0.07949000000000006,0.67949,0.158,0.0598316666666667,0.6598316666666667,0.17675,top12_mean
230,4F6L-A,12,0.24336000000000002,0.84336,0.281,0.05982583333333336,0.7093258333333333,0.24691666666666667,top12_mean
999,5Z7Q-A,12,0.17859999999999998,0.7786,0.316,0.05907333333333336,0.6590733333333334,0.15300000000000002,top12_mean
493,5LSF-C,12,0.19959000000000005,0.79959,0.167,0.05904916666666668,0.7090491666666666,0.20099999999999998,top12_mean
200,4EMO-A,12,0.12540000000000007,0.7254,0.122,0.058977500000000044,0.6589775,0.12291666666666667,top12_mean
678,6Q9V-B,12,0.26526000000000005,0.86726,0.402,0.05885166666666671,0.763185,0.46608333333333335,top12_mean
840,2VIF-A,12,0.09264000000000006,0.69264,0.352,0.05867000000000002,0.65867,0.287,top12_mean
97,3CLM-A,12,0.3345400000000001,0.94454,0.41,0.05844500000000003,0.8085283333333333,0.4265833333333333,top12_mean
663,2PL2-A,12,0.16580000000000006,0.7658,0.16,0.05827666666666669,0.6582766666666666,0.15741666666666668,top12_mean
535,6MR1-A,12,0.19004,0.79004,0.143,0.05781333333333335,0.67198,0.2058333333333333,top12_mean
910,3X22-A,12,0.22540000000000004,0.8254,0.26,0.05753750000000004,0.8850375000000001,0.5401666666666666,top12_mean
796,5TXR-A,12,0.18964000000000003,0.78964,0.322,0.056733333333333365,0.6702333333333335,0.18925000000000003,top12_mean
224,1F2I-G,12,0.20540999999999998,0.80541,0.377,0.05621583333333336,0.7189658333333333,0.42091666666666666,top12_mean
458,2L4N-A,12,0.08262000000000003,0.68262,0.381,0.05520083333333336,0.6560341666666667,0.3469166666666667,top12_mean
411,5K28-A,12,0.22304000000000002,0.82304,0.339,0.05359833333333336,0.821265,0.5429166666666667,top12_mean
748,3RMI-A,12,0.20611999999999997,0.80612,0.264,0.05331250000000004,0.6533125000000001,0.19683333333333333,top12_mean
802,3U2B-C,12,0.18447000000000002,0.78447,0.329,0.05320166666666671,0.8114516666666666,0.5334166666666668,top12_mean
67,4BX2-A,12,0.21053,0.81053,0.247,0.053181666666666676,0.8664316666666666,0.5323333333333333,top12_mean
134,2DDA-A,12,0.1384900000000001,0.92949,0.591,0.05277000000000004,0.7662700000000001,0.433,top12_mean
217,4EXL-A,12,0.13954000000000005,0.80654,0.467,0.05248500000000003,0.6580683333333334,0.1575,top12_mean
825,6UZH-A,12,0.3358,0.9358,0.369,0.0521591666666667,0.7779091666666668,0.4170833333333333,top12_mean
938,4XVH-A,12,0.30647,0.90647,0.304,0.052080833333333354,0.6520808333333333,0.18925000000000003,top12_mean
322,1HLQ-A,12,0.24661,0.84661,0.357,0.05146333333333333,0.6514633333333334,0.25016666666666665,top12_mean
658,7PI0-P,12,0.17185000000000006,0.95285,0.581,0.05135416666666667,0.7373541666666665,0.3525833333333333,top12_mean
195,3EIS-A,12,0.26047,0.86047,0.239,0.049345000000000055,0.7462616666666667,0.2926666666666667,top12_mean
468,1LAC-A,12,0.12912999999999997,0.72913,0.299,0.049131666666666685,0.6491316666666667,0.30724999999999997,top12_mean
204,2EP8-A,12,0.08183000000000007,0.68183,0.253,0.04877833333333335,0.6487783333333333,0.20375000000000001,top12_mean
183,7EAA-C,12,0.11407,0.71407,0.084,0.048335833333333356,0.6483358333333333,0.08841666666666666,top12_mean
102,3COL-A,12,0.10486000000000006,0.70486,0.224,0.04811416666666668,0.6481141666666667,0.12525000000000003,top12_mean
846,1VPQ-A,12,0.2672,0.8672,0.32,0.04782083333333336,0.6478208333333333,0.10341666666666667,top12_mean
378,6J3Q-A,12,0.21362000000000003,0.81362,0.214,0.04701416666666669,0.6470141666666668,0.09724999999999999,top12_mean
190,3EGE-A,12,0.11463000000000001,0.71463,0.139,0.046596666666666675,0.6465966666666666,0.14483333333333331,top12_mean
124,4D7E-A,12,0.17545,0.77545,0.125,0.046553333333333335,0.6465533333333334,0.14125,top12_mean
481,5LKQ-A,12,0.23463,0.83463,0.246,0.04642416666666669,0.6464241666666667,0.18999999999999997,top12_mean
168,4DZY-A,12,0.31822000000000006,0.91822,0.318,0.04629750000000001,0.6960475,0.28875,top12_mean
909,6X1I-A,12,0.17924000000000007,0.77924,0.317,0.045411666666666684,0.7751616666666666,0.49183333333333334,top12_mean
919,4XCH-A,12,0.30852999999999997,0.90853,0.35,0.04534250000000003,0.6479258333333333,0.23716666666666666,top12_mean
9,7AB8-B,12,0.19579999999999997,0.7958,0.351,0.04528333333333335,0.7060333333333332,0.351,top12_mean
645,7P8S-A,12,0.25136000000000003,0.85136,0.218,0.0449158333333334,0.8756658333333331,0.5878333333333333,top12_mean
951,5Y6I-A,12,0.18249000000000004,0.78249,0.203,0.0445416666666667,0.6445416666666667,0.20758333333333337,top12_mean
470,6LBF-A,12,0.26918000000000003,0.90818,0.439,0.04349500000000003,0.7023283333333334,0.35925,top12_mean
831,2V6Y-B,12,0.24782000000000004,0.84782,0.167,0.04248416666666666,0.7135674999999999,0.25925000000000004,top12_mean
198,7EJ1-A,12,0.25387000000000004,0.85387,0.311,0.04153833333333338,0.8867883333333332,0.5819166666666666,top12_mean
729,2R6U-A,12,0.10920000000000007,0.7092,0.143,0.04148166666666669,0.6414816666666667,0.15166666666666664,top12_mean
959,4YAN-A,12,0.17291,0.77291,0.245,0.041100000000000025,0.6411000000000001,0.17541666666666667,top12_mean
510,1M4R-A,12,0.20194,0.80194,0.129,0.040241666666666696,0.7711583333333335,0.3411666666666667,top12_mean
419,7K8A-A,12,0.21194000000000002,0.81194,0.119,0.03949416666666671,0.8149941666666667,0.3848333333333333,top12_mean
899,6WTH-C,12,0.33511,0.93511,0.399,0.038998333333333364,0.6889983333333335,0.3099166666666667,top12_mean
108,7CTX-A,12,0.07400000000000007,0.674,0.248,0.03850083333333337,0.6859175,0.29075,top12_mean
6,2A7W-A,12,0.2318900000000001,0.86189,0.43,0.03810166666666669,0.6406016666666666,0.1895,top12_mean
220,3EYY-A,12,0.14915,0.74915,0.22,0.03745583333333335,0.6374558333333333,0.22516666666666665,top12_mean
793,6TTJ-A,12,0.2182400000000001,0.98624,0.568,0.0368716666666667,0.6777883333333333,0.1965,top12_mean
492,3LS1-A,12,0.16841000000000006,0.76841,0.288,0.035407500000000015,0.6854074999999998,0.21691666666666665,top12_mean
281,4GL3-A,12,0.20689000000000002,0.96589,0.559,0.03504833333333337,0.6755483333333334,0.20300000000000004,top12_mean
283,6GOW-E,12,0.30273000000000005,0.90273,0.286,0.034591666666666694,0.6345916666666667,0.08625,top12_mean
42,2B8T-A,12,0.14116,0.79016,0.449,0.034134166666666715,0.6493841666666667,0.3175833333333334,top12_mean
305,6H5E-A,12,0.26726000000000005,0.86726,0.379,0.033758333333333355,0.6337583333333333,0.17508333333333334,top12_mean
572,4NKQ-B,12,0.11338000000000004,0.71338,0.175,0.03254916666666669,0.6325491666666666,0.171,top12_mean
520,2MEW-A,12,0.19762999999999997,0.79763,0.359,0.03151416666666671,0.6788474999999999,0.24966666666666662,top12_mean
391,2JMR-A,12,0.19484999999999997,0.79485,0.339,0.030774166666666682,0.6307741666666667,0.2148333333333334,top12_mean
257,5FXM-A,12,0.11825000000000008,0.71825,0.22,0.03064833333333337,0.6806483333333332,0.22383333333333333,top12_mean
832,1V85-A,12,0.08228000000000002,0.68228,0.25,0.030396666666666693,0.6303966666666666,0.20775000000000002,top12_mean
127,2DAV-A,12,0.11496,0.73996,0.425,0.030270000000000016,0.6431033333333334,0.22183333333333333,top12_mean
223,3F1X-A,12,0.2527,0.9117,0.459,0.030209166666666707,0.6351258333333333,0.30258333333333337,top12_mean
120,1D5R-A,12,0.30411,0.90411,0.334,0.029939166666666683,0.8252725000000001,0.5214166666666668,top12_mean
889,1WOU-A,12,0.09513000000000005,0.69513,0.152,0.029127500000000018,0.6622941666666666,0.207,top12_mean
757,6SHL-A,12,0.08437000000000006,0.68437,0.164,0.028055000000000024,0.628055,0.11991666666666667,top12_mean
186,3ECY-A,12,0.19512000000000007,0.79512,0.364,0.027891666666666703,0.7980583333333332,0.5565000000000001,top12_mean
11,2AEV-A,12,0.07138,0.67138,0.163,0.027165833333333344,0.6271658333333333,0.14358333333333334,top12_mean
201,2ENV-A,12,0.17794000000000004,0.78794,0.41,0.026513333333333385,0.7412633333333334,0.5147499999999999,top12_mean
542,5MUF-A,12,0.13312999999999997,0.73313,0.184,0.026426666666666692,0.7225933333333333,0.3189166666666667,top12_mean
282,3GMJ-A,12,0.22432000000000002,0.89032,0.466,0.025583333333333375,0.8690833333333333,0.584,top12_mean
214,3EWI-A,12,0.28531000000000006,0.88531,0.307,0.02501333333333335,0.6250133333333333,0.14075000000000001,top12_mean
465,6L8U-A,12,0.06342000000000003,0.66342,0.11,0.02501333333333335,0.6250133333333333,0.12066666666666666,top12_mean
381,2J80-A,12,0.14790000000000003,0.7479,0.153,0.024837500000000026,0.6248374999999999,0.12833333333333333,top12_mean
359,1IR6-A,12,0.11103000000000007,0.71103,0.209,0.023685833333333347,0.6236858333333334,0.14233333333333334,top12_mean
713,4QT8-A,12,0.18466000000000005,0.78466,0.277,0.023291666666666693,0.6702083333333334,0.26791666666666664,top12_mean
480,3LJL-A,12,0.11414000000000002,0.71414,0.17,0.02315333333333336,0.6231533333333333,0.11716666666666666,top12_mean
227,2F4N-A,12,0.23658,0.83658,0.235,0.02238083333333335,0.6223808333333333,0.18283333333333338,top12_mean
175,3E5U-A,12,0.19440999999999997,0.79441,0.151,0.022289166666666693,0.6718725000000001,0.22258333333333336,top12_mean
635,2OZZ-A,12,0.07422000000000006,0.67422,0.115,0.02212833333333336,0.6221283333333333,0.10408333333333335,top12_mean
429,3KGZ-A,12,0.13787000000000005,0.73787,0.168,0.022037500000000026,0.6350375,0.17758333333333334,top12_mean
243,5FII-A,12,0.18696000000000002,0.78696,0.123,0.02079000000000002,0.6207900000000001,0.15158333333333335,top12_mean
872,1WEX-A,12,0.12846000000000002,0.72846,0.253,0.02032416666666668,0.6396575000000001,0.21483333333333335,top12_mean
926,4XHO-A,12,0.08855999999999997,0.68856,0.147,0.020049166666666673,0.6564658333333334,0.19341666666666668,top12_mean
185,2ECE-A,12,0.04439000000000004,0.64439,0.096,0.019787500000000003,0.6197875,0.10591666666666666,top12_mean
538,7MSJ-A,12,0.15464,0.75464,0.289,0.019420833333333335,0.6496708333333332,0.3209166666666667,top12_mean
146,8DKS-A,12,0.30100000000000005,0.901,0.399,0.018382500000000024,0.8167991666666666,0.49899999999999994,top12_mean
970,1YJG-A,12,0.3111500000000001,0.93615,0.425,0.018366666666666698,0.6810333333333333,0.2614166666666667,top12_mean
309,3H8L-A,12,0.21109,0.81109,0.236,0.018186666666666698,0.6181866666666667,0.17691666666666664,top12_mean
376,5J37-A,12,0.19078000000000006,0.79078,0.319,0.018170833333333358,0.6181708333333334,0.14208333333333334,top12_mean
2,5A53-C,12,0.32481000000000004,0.92481,0.369,0.018100000000000043,0.6681,0.24791666666666667,top12_mean
106,2CRJ-A,12,0.10789000000000004,0.70789,0.274,0.017801666666666688,0.6178016666666667,0.27858333333333335,top12_mean
835,5VAB-A,12,0.15477000000000007,0.83577,0.481,0.017692500000000017,0.6286925,0.2579166666666666,top12_mean
603,5O5J-P,12,0.10165000000000007,0.71865,0.417,0.017056666666666682,0.63664,0.3555,top12_mean
181,7E87-B,12,0.11997999999999998,0.71998,0.336,0.015691666666666704,0.760275,0.5013333333333334,top12_mean
494,1LT0-A,12,0.09332000000000007,0.69332,0.134,0.01562333333333335,0.7141233333333333,0.31216666666666665,top12_mean
26,1AWC-A,12,0.11267000000000005,0.71267,0.382,0.01453083333333339,0.7283641666666668,0.46549999999999997,top12_mean
606,2O9I-A,12,0.13122,0.73122,0.267,0.014048333333333366,0.7619650000000001,0.401,top12_mean
880,6WJV-3,12,0.08231,0.68231,0.154,0.013735833333333355,0.6137358333333335,0.12008333333333336,top12_mean
720,3QYG-B,12,0.28025000000000005,0.89425,0.414,0.013529166666666695,0.7627791666666667,0.48233333333333334,top12_mean
232,3F79-A,12,0.23299999999999998,0.833,0.157,0.013496666666666693,0.6134966666666666,0.11025,top12_mean
401,2JS5-A,12,0.09289999999999998,0.6929,0.123,0.013119166666666682,0.6221191666666667,0.14675,top12_mean
988,5YZ4-A,12,0.19429000000000007,0.79429,0.282,0.012946666666666684,0.6129466666666666,0.158,top12_mean
934,1XTA-A,12,0.13701000000000008,0.73701,0.333,0.012627500000000041,0.7462941666666666,0.4444166666666667,top12_mean
228,3F5R-A,12,0.15538000000000007,0.75538,0.271,0.01258583333333337,0.6125858333333333,0.10024999999999999,top12_mean
760,1SK2-A,12,0.11092999999999997,0.71093,0.219,0.012365833333333362,0.7684491666666667,0.42216666666666675,top12_mean
563,5NC8-A,12,0.10865000000000002,0.70865,0.133,0.01201083333333335,0.6120108333333333,0.16358333333333333,top12_mean
219,6EXW-A,12,0.25013,0.91213,0.462,0.010623333333333373,0.87154,0.6609166666666667,top12_mean
763,1SQS-A,12,0.05301,0.65301,0.109,0.009890833333333349,0.6098908333333334,0.153,top12_mean
1020,3ZYJ-B,12,0.20514,0.80514,0.303,0.009635000000000032,0.6425516666666667,0.2723333333333333,top12_mean
135,3DEP-A,12,0.04303000000000001,0.64303,0.341,0.008328333333333346,0.6569950000000001,0.38608333333333333,top12_mean
453,7L1Y-A,12,0.13973000000000002,0.73973,0.254,0.00819250000000002,0.6981091666666667,0.277,top12_mean
435,1KMA-A,12,0.09962000000000004,0.69962,0.34,0.00803333333333337,0.6106999999999999,0.3510833333333334,top12_mean
530,5MMJ-y,12,0.16936000000000007,0.76936,0.238,0.0078966666666667,0.65248,0.24625,top12_mean
512,6M4B-A,12,0.1532,0.7532,0.141,0.006664166666666684,0.7039974999999999,0.28591666666666665,top12_mean
180,6E8R-A,12,0.06324000000000007,0.66324,0.168,0.006408333333333377,0.7300749999999999,0.38691666666666663,top12_mean
583,3NRV-A,12,0.10702,0.70702,0.216,0.006239166666666694,0.6062391666666667,0.18066666666666667,top12_mean
912,1X48-A,12,0.06503000000000003,0.66503,0.25,0.00623250000000002,0.6062325,0.21550000000000002,top12_mean
484,3LLO-A,12,0.07304,0.67304,0.198,0.005667500000000029,0.6056675,0.15174999999999997,top12_mean
670,6PUA-A,12,0.2392800000000001,0.87128,0.432,0.005466666666666699,0.6903,0.38558333333333333,top12_mean
479,5LIR-A,12,0.30816,0.90816,0.353,0.005436666666666687,0.6466866666666667,0.23658333333333334,top12_mean
993,5Z1G-B,12,0.14759,0.74759,0.228,0.004100833333333363,0.6458508333333334,0.233,top12_mean
345,6IAH-A,12,0.07301999999999997,0.67302,0.155,0.004025833333333358,0.6040258333333334,0.14341666666666666,top12_mean
920,2XDG-A,12,0.17833,0.77833,0.397,0.003923333333333362,0.6039233333333334,0.24250000000000002,top12_mean
184,7EBD-A,12,0.27187000000000006,0.87187,0.262,0.0036600000000000335,0.6100766666666667,0.17758333333333332,top12_mean
285,5GPE-A,12,0.27133000000000007,0.87133,0.273,0.0029333333333333524,0.6347666666666667,0.2748333333333333,top12_mean
237,4FBQ-A,12,0.11915000000000009,0.82515,0.506,0.0026208333333333686,0.6802874999999999,0.33016666666666666,top12_mean
625,7OOD-z,12,0.2523500000000001,0.85235,0.354,0.0009783333333333588,0.605395,0.27175000000000005,top12_mean
432,6KIU-T,12,0.18580000000000008,0.7858,0.192,0.0008958333333333549,0.6998958333333333,0.32316666666666666,top12_mean
152,7DMK-A,12,0.29910000000000003,0.8991,0.364,0.0002200000000000211,0.60022,0.24533333333333332,top12_mean
836,6VBB-A,12,0.10443000000000002,0.70443,0.22,-7.833333333329602e-05,0.5999216666666667,0.20416666666666672,top12_mean
771,3SZ6-A,12,0.3398,0.9398,0.397,-0.00024999999999997247,0.6190000000000001,0.23066666666666666,top12_mean
397,2JQP-A,12,0.05013000000000001,0.65013,0.381,-0.0005958333333333186,0.6003208333333333,0.32058333333333333,top12_mean
928,1XKE-A,12,0.09337000000000001,0.74237,0.449,-0.0010116666666666284,0.7232383333333333,0.4763333333333333,top12_mean
392,4JM3-A,12,0.33013000000000003,0.93013,0.392,-0.0012866666666666489,0.5987133333333333,0.17258333333333334,top12_mean
70,7BYV-A,12,0.10121000000000002,0.70121,0.361,-0.0014291666666666574,0.6982375,0.2643333333333333,top12_mean
514,3M89-A,12,0.20301999999999998,0.80302,0.187,-0.0016399999999999748,0.7474433333333333,0.3705,top12_mean
758,7SHL-L,12,0.045499999999999985,0.6455,0.196,-0.00276416666666666,0.5972358333333333,0.22991666666666669,top12_mean
546,5MYE-A,12,0.20773000000000003,0.81873,0.411,-0.002933333333333297,0.7724833333333333,0.48808333333333337,top12_mean
446,2KXJ-A,12,0.08074000000000003,0.68074,0.053,-0.0030824999999999694,0.6428341666666667,0.18083333333333332,top12_mean
403,4JWH-A,12,0.2811200000000001,0.91712,0.436,-0.0034558333333333017,0.6531275,0.24166666666666667,top12_mean
580,3NQO-A,12,0.06024000000000007,0.66024,0.15,-0.0036049999999999832,0.5963950000000001,0.15616666666666665,top12_mean
533,2MQE-A,12,0.13951000000000008,0.77351,0.434,-0.0038249999999999673,0.6850916666666667,0.40591666666666665,top12_mean
990,2Z06-A,12,0.34367000000000003,0.94367,0.317,-0.0043883333333333135,0.608945,0.1814166666666667,top12_mean
727,4R3U-A,12,0.34208000000000005,0.94408,0.402,-0.004674999999999957,0.597325,0.21333333333333335,top12_mean
788,7TQL-B,12,0.1788200000000001,0.96682,0.588,-0.005612499999999937,0.9589708333333333,0.7645833333333334,top12_mean
623,4OO3-A,12,0.09528999999999999,0.69529,0.118,-0.0057341666666666374,0.5942658333333334,0.11733333333333335,top12_mean
995,4Z24-A,12,0.07191000000000003,0.98391,0.712,-0.0060474999999999834,0.6697858333333332,0.25975,top12_mean
472,7LC0-A,12,0.15776,0.75776,0.199,-0.006249999999999978,0.5937500000000001,0.10525000000000001,top12_mean
449,3L0Z-A,12,0.24505,0.84505,0.373,-0.00708499999999999,0.592915,0.15275000000000002,top12_mean
60,5BTR-A,12,0.14026000000000005,0.74026,0.4,-0.007623333333333283,0.65496,0.44575000000000004,top12_mean
155,2DPM-A,12,0.27012,0.87012,0.29,-0.008314999999999975,0.5916850000000001,0.17333333333333334,top12_mean
692,3QI7-A,12,0.03539000000000003,0.63539,0.089,-0.008345833333333302,0.5916541666666667,0.10725,top12_mean
358,6IP2-A,12,0.14805999999999997,0.74806,0.2,-0.008524166666666633,0.6388925,0.2373333333333333,top12_mean
930,5XOM-A,12,0.3346,0.9346,0.378,-0.00897249999999998,0.5928608333333333,0.19274999999999998,top12_mean
187,7EEH-A,12,0.09288000000000007,0.69288,0.146,-0.009347499999999962,0.5906525000000001,0.11741666666666668,top12_mean
764,1SUR-A,12,0.24180999999999997,0.84181,0.292,-0.011497499999999961,0.6625025,0.31725,top12_mean
396,6JO6-E,12,0.23684000000000005,0.94484,0.508,-0.012020833333333295,0.9410625000000001,0.7530833333333332,top12_mean
983,5YV5-A,12,0.27758000000000005,0.95558,0.478,-0.01259999999999995,0.6939000000000001,0.36425,top12_mean
91,7CG5-A,12,0.05591999999999997,0.65592,0.214,-0.01262416666666663,0.6364591666666667,0.23424999999999999,top12_mean
104,6CO6-B,12,0.24253999999999998,0.84254,0.255,-0.013613333333333316,0.6103033333333333,0.20958333333333332,top12_mean
509,7M3K-A,12,0.2869,0.9399,0.453,-0.01376583333333331,0.6135674999999999,0.23625,top12_mean
599,6O2D-A,12,0.07013000000000003,0.67013,0.117,-0.013956666666666645,0.5860433333333334,0.13424999999999998,top12_mean
262,2G80-A,12,0.03658000000000006,0.63658,0.149,-0.014253333333333298,0.5857466666666667,0.14425000000000002,top12_mean
486,2LNL-A,12,0.012850000000000028,0.61285,0.086,-0.014645833333333311,0.5853541666666667,0.09575000000000002,top12_mean
1022,4ZZL-A,12,0.15215,0.75215,0.176,-0.014736666666666629,0.65318,0.27075,top12_mean
267,3GA4-A,12,0.14907000000000004,0.74907,0.173,-0.017124999999999963,0.5828749999999999,0.12166666666666669,top12_mean
521,5ME8-A,12,0.10270999999999997,0.70271,0.053,-0.018574166666666652,0.6306758333333333,0.16766666666666666,top12_mean
516,5M97-A,12,0.08342000000000005,0.68342,0.294,-0.018614999999999965,0.581385,0.24100000000000002,top12_mean
751,2RRN-A,12,0.05745,0.65745,0.095,-0.019067499999999998,0.5809325,0.09591666666666666,top12_mean
1021,1ZZP-A,12,0.14973999999999998,0.74974,0.149,-0.019090833333333317,0.5809091666666666,0.09275,top12_mean
759,1SJ7-A,12,0.17766000000000004,0.77766,0.153,-0.020152499999999973,0.6298475,0.2153333333333333,top12_mean
845,5VNY-A,12,0.08030000000000004,0.6803,0.196,-0.020168333333333302,0.5798316666666666,0.11391666666666665,top12_mean
280,2GLI-A,12,0.024449999999999972,0.62445,0.373,-0.02055999999999997,0.5826899999999999,0.33375,top12_mean
123,7D5C-A,12,0.20414,0.80414,0.361,-0.020865833333333295,0.5993008333333333,0.23524999999999996,top12_mean
819,4URJ-A,12,0.27546000000000004,0.87546,0.39,-0.02112583333333332,0.5788741666666667,0.15525000000000003,top12_mean
76,7C61-H,12,0.14012999999999998,0.86013,0.52,-0.02212916666666663,0.8547874999999999,0.6769166666666667,top12_mean
425,5KEF-A,12,0.04725999999999997,0.64726,0.171,-0.022773333333333312,0.6266433333333333,0.2028333333333333,top12_mean
439,4KR3-A,12,0.23124,0.83124,0.36,-0.022834999999999956,0.7719983333333333,0.48633333333333334,top12_mean
138,2DG7-A,12,0.027959999999999985,0.62796,0.14,-0.0230925,0.5769074999999999,0.09975,top12_mean
943,4Y0L-A,12,0.025129999999999986,0.62513,0.106,-0.023269166666666646,0.5767308333333333,0.10991666666666668,top12_mean
927,4XIN-A,12,0.15868000000000004,0.75868,0.337,-0.023496666666666628,0.5765033333333333,0.11216666666666665,top12_mean
126,7D9N-A,12,0.09243000000000001,0.69243,0.125,-0.023625833333333315,0.5763741666666667,0.11791666666666667,top12_mean
837,6VEH-A,12,0.15092000000000005,0.75092,0.254,-0.025710833333333277,0.8342058333333334,0.6259166666666667,top12_mean
876,1WG6-A,12,0.016149999999999998,0.61615,0.313,-0.025808333333333322,0.5741916666666665,0.23275,top12_mean
437,2KN2-A,12,0.11286000000000007,0.71286,0.309,-0.0262883333333333,0.622045,0.39808333333333334,top12_mean
656,6PGU-A,12,0.12453999999999998,0.72454,0.149,-0.026333333333333302,0.7709166666666666,0.42458333333333337,top12_mean
577,7NNA-A,12,0.13759,0.73759,0.103,-0.026520833333333313,0.5734791666666667,0.09008333333333333,top12_mean
334,2I51-A,12,0.21645000000000003,0.81645,0.173,-0.026951666666666634,0.5730483333333334,0.1376666666666667,top12_mean
63,3BUT-A,12,0.02461000000000002,0.62461,0.065,-0.027033333333333312,0.5729666666666666,0.0735,top12_mean
665,2PNW-A,12,0.24287999999999998,0.84288,0.274,-0.027382499999999966,0.5726175,0.19958333333333333,top12_mean
422,3KDF-A,12,0.21954000000000007,0.81954,0.25,-0.028824166666666626,0.6196758333333333,0.19916666666666663,top12_mean
393,6JMG-A,12,0.005840000000000067,0.60584,0.251,-0.028885833333333315,0.5711141666666667,0.22675,top12_mean
523,1MG2-D,12,0.20408000000000004,0.94108,0.537,-0.0303108333333333,0.6094391666666666,0.2436666666666667,top12_mean
511,2M45-A,12,0.06959000000000004,0.66959,0.2,-0.030769999999999968,0.56923,0.14033333333333334,top12_mean
519,4MDB-A,12,0.3093200000000001,0.92632,0.417,-0.03077499999999996,0.5713916666666666,0.14616666666666664,top12_mean
47,1BCG-A,12,0.07227000000000006,0.67227,0.316,-0.03160916666666664,0.5748908333333334,0.3286666666666667,top12_mean
576,3NNF-A,12,-0.01849999999999996,0.5815,0.108,-0.03175583333333331,0.5682441666666668,0.11958333333333333,top12_mean
270,6GDJ-A,12,0.04444999999999999,0.64445,0.129,-0.032909999999999995,0.56709,0.09141666666666666,top12_mean
924,1XHJ-A,12,-0.0025600000000000067,0.59744,0.054,-0.033193333333333304,0.5668066666666666,0.06583333333333334,top12_mean
247,1FO5-A,12,0.043769999999999976,0.64377,0.183,-0.0337558333333333,0.5662441666666668,0.17108333333333337,top12_mean
779,1TE0-A,12,0.1149,0.7149,0.312,-0.03382083333333329,0.7088458333333333,0.521,top12_mean
950,5Y6G-A,12,0.06379999999999997,0.6638,0.202,-0.034768333333333304,0.5652316666666666,0.1446666666666667,top12_mean
975,5YRX-A,12,0.27429000000000003,0.87429,0.371,-0.03507583333333332,0.5665908333333333,0.1615,top12_mean
773,1T43-A,12,0.25664,0.85664,0.231,-0.03543333333333331,0.5645666666666668,0.14316666666666664,top12_mean
298,2H09-A,12,0.21382,0.81382,0.339,-0.035465833333333315,0.5645341666666666,0.17208333333333334,top12_mean
84,3CED-A,12,0.14834000000000003,0.74834,0.204,-0.0357283333333333,0.5642716666666666,0.11183333333333334,top12_mean
360,1IRG-A,12,0.05058000000000007,0.65058,0.32,-0.03624916666666664,0.5795841666666667,0.24441666666666673,top12_mean
1002,7ZDH-X,12,0.20679000000000008,0.83879,0.432,-0.03645249999999997,0.8113808333333332,0.6073333333333334,top12_mean
477,3LIU-A,12,0.13898,0.73898,0.255,-0.03742416666666664,0.5625758333333333,0.16416666666666668,top12_mean
581,2NRJ-A,12,0.26032,0.86032,0.268,-0.03793333333333331,0.5620666666666666,0.11533333333333334,top12_mean
878,1WIG-A,12,0.05969000000000002,0.65969,0.303,-0.03824416666666664,0.5617558333333333,0.1994166666666667,top12_mean
982,6YU8-A,12,0.049470000000000014,0.64947,0.133,-0.038787499999999975,0.5612125,0.1181666666666667,top12_mean
565,5NCN-B,12,0.09001000000000003,0.69001,0.086,-0.039079999999999976,0.56092,0.058166666666666665,top12_mean
296,4GZR-A,12,0.04653000000000007,0.64653,0.039,-0.03931666666666665,0.5606833333333333,0.05883333333333333,top12_mean
377,5J3U-A,12,0.08684999999999998,0.68685,0.31,-0.03958166666666666,0.5604183333333332,0.3045833333333334,top12_mean
264,3G8Y-A,12,0.08699000000000001,0.97399,0.687,-0.04028499999999998,0.5836316666666667,0.17633333333333334,top12_mean
19,5AOH-A,12,0.17862,0.77862,0.283,-0.040364166666666645,0.5596358333333332,0.19908333333333336,top12_mean
972,6YLE-A,12,-0.006360000000000032,0.59364,0.134,-0.040455,0.5595450000000001,0.10416666666666667,top12_mean
503,6M0S-O,12,0.23301000000000005,0.83301,0.323,-0.040956666666666634,0.6090433333333333,0.20741666666666667,top12_mean
636,7OZO-F,12,0.18952000000000002,0.78952,0.38,-0.04104416666666665,0.7112891666666666,0.4542499999999999,top12_mean
473,7LCZ-A,12,0.13446000000000002,0.73446,0.125,-0.04209249999999997,0.6079075,0.18708333333333335,top12_mean
39,4B6I-A,12,0.23992000000000002,0.83992,0.228,-0.04284499999999999,0.557155,0.13925,top12_mean
562,7NBI-A,12,0.10257000000000005,0.70257,0.124,-0.044110833333333314,0.6539725,0.2520833333333333,top12_mean
858,6VTM-B,12,0.27979,0.87979,0.354,-0.04511333333333331,0.6115533333333333,0.22633333333333336,top12_mean
616,6OJ1-A,12,0.17647000000000002,0.77647,0.104,-0.04519083333333331,0.6048091666666666,0.161,top12_mean
596,1NZ0-A,12,0.24480000000000002,0.8448,0.379,-0.04532666666666663,0.6039233333333334,0.2815833333333333,top12_mean
890,3WO4-B,12,0.10867000000000004,0.70867,0.173,-0.045519999999999984,0.55448,0.164,top12_mean
349,6IGZ-B,12,0.022220000000000018,0.98822,0.766,-0.045664999999999956,0.9924183333333332,0.8380833333333334,top12_mean
35,4B2Q-T,12,0.03488999999999998,0.63489,0.083,-0.04736583333333331,0.5526341666666668,0.079,top12_mean
150,2DMY-A,12,0.03408,0.63408,0.312,-0.0475808333333333,0.5669191666666666,0.2828333333333333,top12_mean
746,6RK0-A,12,0.2973,0.8973,0.338,-0.04904999999999998,0.5509499999999999,0.15225,top12_mean
400,7JRP-G,12,0.09416999999999998,0.69417,0.101,-0.04912999999999998,0.55087,0.11075,top12_mean
62,7BTW-A,12,0.13727,0.73727,0.136,-0.04919416666666664,0.5508058333333333,0.07591666666666667,top12_mean
848,1VQ3-A,12,0.21392,0.81392,0.338,-0.049734999999999974,0.599265,0.27266666666666667,top12_mean
457,6L3P-A,12,0.26696,0.86696,0.253,-0.05073749999999999,0.9480958333333334,0.7780833333333335,top12_mean
373,5J1S-A,12,-0.003589999999999982,0.59641,0.13,-0.0508833333333333,0.5991166666666666,0.19333333333333336,top12_mean
277,5GJQ-Z,12,0.12860000000000005,0.7286,0.374,-0.051015833333333316,0.5489841666666667,0.14158333333333334,top12_mean
290,1GXK-A,12,0.25699000000000005,0.85699,0.218,-0.05152416666666665,0.5979758333333334,0.24433333333333332,top12_mean
169,7DZ8-O,12,0.21266000000000002,0.84166,0.429,-0.05198916666666664,0.5980941666666666,0.2813333333333334,top12_mean
761,7SKS-A,12,0.29957,0.89957,0.193,-0.05203999999999997,0.5658766666666666,0.1643333333333333,top12_mean
742,7RJA-F,12,0.11909999999999998,0.7191,0.25,-0.05281166666666665,0.5471883333333333,0.13633333333333333,top12_mean
101,2CO9-A,12,0.05954999999999999,0.65955,0.225,-0.05316583333333332,0.5468341666666666,0.26516666666666666,top12_mean
798,7TY0-A,12,0.06832000000000005,0.66832,0.164,-0.05329749999999998,0.5467025,0.05716666666666667,top12_mean
103,4CO8-A,12,0.12436000000000003,0.86736,0.543,-0.054194999999999965,0.8713883333333333,0.7255833333333334,top12_mean
116,4D0Y-A,12,0.20984999999999998,0.80985,0.36,-0.05428749999999999,0.5977958333333333,0.29541666666666666,top12_mean
353,5IJJ-A,12,0.21291000000000004,0.81291,0.241,-0.054735833333333296,0.5452641666666667,0.11583333333333334,top12_mean
51,7BFP-C,12,0.08245000000000002,0.68245,0.157,-0.054944999999999966,0.545055,0.10008333333333334,top12_mean
730,4R61-A,12,0.10060000000000002,0.7006,0.073,-0.05591999999999997,0.5903299999999999,0.16258333333333333,top12_mean
544,5MWL-A,12,0.18305000000000005,0.78305,0.318,-0.05703083333333331,0.5429691666666666,0.20908333333333332,top12_mean
313,4HFQ-A,12,-0.008059999999999956,0.59194,0.203,-0.057331666666666635,0.5426683333333334,0.1376666666666667,top12_mean
443,2KTS-A,12,0.17937000000000003,0.77937,0.23,-0.05734083333333332,0.5426591666666667,0.10675,top12_mean
812,5UBM-B,12,0.19268000000000007,0.79268,0.352,-0.05750166666666664,0.5424983333333334,0.24650000000000002,top12_mean
456,2L35-A,12,0.043340000000000045,0.64334,0.048,-0.05794749999999998,0.5420525,0.09375000000000001,top12_mean
979,5YTI-A,12,0.24357000000000006,0.84357,0.273,-0.058457499999999975,0.5902091666666668,0.2774166666666667,top12_mean
669,2PUY-A,12,0.06773000000000001,0.69673,0.429,-0.05894499999999998,0.5434716666666667,0.2565,top12_mean
574,2NLW-A,12,0.036229999999999984,0.63623,0.191,-0.059146666666666646,0.5908533333333333,0.2594166666666667,top12_mean
95,4CIH-A,12,0.04769000000000001,0.64769,0.118,-0.059515833333333316,0.5887341666666667,0.16291666666666668,top12_mean
162,3DWW-A,12,0.12455000000000005,0.72455,0.173,-0.05953749999999997,0.6044625,0.22891666666666666,top12_mean
659,7PI6-A,12,0.10748000000000002,0.70748,0.144,-0.0603883333333333,0.5396116666666666,0.11116666666666668,top12_mean
4,2A6Q-A,12,0.22783000000000003,0.85683,0.429,-0.06048333333333331,0.5451,0.238,top12_mean
78,5C92-A,12,-0.020239999999999925,0.57976,0.085,-0.06102166666666665,0.5389783333333334,0.08108333333333333,top12_mean
105,2CQK-A,12,0.10950000000000004,0.7095,0.387,-0.061347499999999965,0.5386525000000001,0.15758333333333333,top12_mean
868,3W7S-A,12,0.05442999999999998,0.65443,0.095,-0.061639166666666655,0.6381941666666667,0.24566666666666667,top12_mean
235,1F8V-A,12,0.21453,0.82053,0.406,-0.06253083333333331,0.5401358333333334,0.23275,top12_mean
163,4DW4-A,12,0.06068000000000007,0.66068,0.135,-0.06306666666666665,0.5864333333333333,0.18700000000000006,top12_mean
813,4UER-F,12,0.18391000000000002,0.78391,0.342,-0.06314333333333332,0.6142733333333333,0.29775,top12_mean
24,4AT7-B,12,0.17844000000000004,0.77844,0.24,-0.06334749999999999,0.5366525,0.10358333333333335,top12_mean
737,4REV-A,12,0.20650999999999997,0.80651,0.271,-0.06342249999999999,0.5365775,0.09949999999999999,top12_mean
474,2LD3-A,12,0.02912999999999999,0.62913,0.115,-0.06381416666666666,0.5361858333333333,0.11541666666666668,top12_mean
782,6TE9-F,12,0.13831000000000004,0.73831,0.149,-0.06382499999999997,0.536175,0.10141666666666667,top12_mean
253,2FU2-A,12,0.08025000000000004,0.68025,0.139,-0.06480666666666664,0.5351933333333333,0.1195,top12_mean
229,2F67-A,12,0.07742000000000004,0.92842,0.651,-0.06487749999999999,0.5560391666666668,0.13450000000000004,top12_mean
688,3QHY-B,12,-0.009719999999999951,0.59028,0.098,-0.06533749999999999,0.5346624999999999,0.09641666666666665,top12_mean
997,4Z48-A,12,0.30389,0.90389,0.295,-0.06537833333333332,0.5346216666666667,0.1045,top12_mean
407,5JYC-A,12,0.20877,0.80877,0.202,-0.06611416666666661,0.9298858333333334,0.7308333333333334,top12_mean
132,7DB5-A,12,0.055440000000000045,0.65544,0.215,-0.06640083333333331,0.5335991666666666,0.16974999999999998,top12_mean
579,7NPE-A,12,0.21977999999999998,0.81978,0.248,-0.06653916666666665,0.5334608333333334,0.16366666666666665,top12_mean
475,4LD1-A,12,0.18195000000000006,0.78195,0.149,-0.06808166666666664,0.573335,0.18300000000000002,top12_mean
12,7AE2-A,12,0.22284000000000004,0.82284,0.167,-0.0690683333333333,0.6279316666666667,0.25416666666666665,top12_mean
936,2XU0-A,12,0.14595000000000002,0.74595,0.254,-0.06935166666666664,0.5793149999999999,0.2658333333333333,top12_mean
340,3I82-A,12,0.22138000000000002,0.82138,0.238,-0.06969999999999998,0.6061333333333333,0.27258333333333334,top12_mean
968,1YHN-B,12,0.05332999999999999,0.65333,0.078,-0.06994999999999998,0.53005,0.10258333333333332,top12_mean
573,7NKS-A,12,0.29322000000000004,0.89322,0.381,-0.0701133333333333,0.5797199999999999,0.26816666666666666,top12_mean
866,4W4M-A,12,-0.011699999999999933,0.5883,0.125,-0.0701483333333333,0.568185,0.15366666666666665,top12_mean
619,4OLE-A,12,-0.03778999999999999,0.56221,0.092,-0.07073916666666664,0.5292608333333334,0.08775,top12_mean
595,6NYS-A,12,0.04600000000000004,0.646,0.128,-0.07106666666666665,0.5289333333333334,0.09808333333333334,top12_mean
664,7PLQ-A,12,0.2398200000000001,0.84982,0.41,-0.07107999999999996,0.5297533333333333,0.14033333333333334,top12_mean
364,2IX1-A,12,0.21388000000000007,0.81388,0.215,-0.07112083333333331,0.6279625000000001,0.2880833333333333,top12_mean
482,2LLF-A,12,0.04864999999999997,0.64865,0.316,-0.07154083333333333,0.5521258333333333,0.22416666666666665,top12_mean
526,7MK7-A,12,0.23785,0.83785,0.345,-0.07168583333333328,0.7893141666666667,0.5759166666666666,top12_mean
154,1DOW-A,12,0.28353000000000006,0.88353,0.26,-0.07239916666666664,0.6118508333333333,0.271,top12_mean
178,5E8B-A,12,-0.012959999999999972,0.58704,0.071,-0.0742958333333333,0.5725375,0.14675000000000002,top12_mean
203,6EOE-A,12,0.21286000000000005,0.93786,0.525,-0.07457166666666663,0.8550949999999999,0.7296666666666667,top12_mean
251,3FRM-A,12,0.09397,0.69397,0.087,-0.0746058333333333,0.5253941666666667,0.08275,top12_mean
753,6RYU-V,12,0.16331,0.77731,0.414,-0.0751658333333333,0.5347508333333333,0.28408333333333335,top12_mean
469,3LBM-A,12,0.31491,0.91491,0.256,-0.07559499999999995,0.9685716666666667,0.8061666666666666,top12_mean
431,6KI6-A,12,0.03210000000000002,0.6321,0.316,-0.07858999999999997,0.57766,0.37708333333333327,top12_mean
319,1HK6-A,12,0.04632000000000003,0.64632,0.181,-0.07985416666666664,0.5683125,0.16216666666666665,top12_mean
151,5DM7-S,12,0.29218,0.89218,0.214,-0.08173499999999999,0.5682650000000001,0.22800000000000006,top12_mean
121,2D59-A,12,0.28323,0.88323,0.364,-0.08195333333333332,0.6377133333333332,0.3465833333333333,top12_mean
144,6DJW-A,12,0.20090000000000008,0.8729,0.472,-0.08219666666666661,0.64222,0.5244166666666666,top12_mean
426,2KFT-A,12,0.02363000000000004,0.72363,0.5,-0.08254499999999995,0.5828716666666667,0.35433333333333333,top12_mean
823,4UZN-A,12,0.04200999999999999,0.64201,0.126,-0.08269083333333331,0.5173091666666666,0.09474999999999999,top12_mean
916,5X56-A,12,0.08854000000000006,0.68854,0.073,-0.08296416666666664,0.5170358333333334,0.08124999999999999,top12_mean
728,1R4T-A,12,0.15326000000000006,0.75326,0.29,-0.08402249999999996,0.5638941666666667,0.1855,top12_mean
375,6J2U-A,12,0.012909999999999977,0.61291,0.213,-0.08593416666666664,0.7265658333333332,0.50375,top12_mean
207,4ERR-A,12,-0.02237,0.57763,0.069,-0.08629333333333329,0.5137066666666666,0.07416666666666667,top12_mean
158,6DRE-A,12,0.13794000000000006,0.73794,0.362,-0.08793666666666662,0.5120633333333333,0.1623333333333333,top12_mean
497,2LV7-A,12,0.06303000000000003,0.66303,0.295,-0.08829666666666662,0.5323700000000001,0.34733333333333327,top12_mean
543,4MVF-A,12,0.22773000000000004,0.84473,0.417,-0.09072249999999997,0.5193608333333334,0.324,top12_mean
275,4GIO-A,12,0.11891000000000007,0.71891,0.161,-0.09092999999999996,0.50907,0.09083333333333334,top12_mean
628,5OQN-A,12,0.25365000000000004,0.85365,0.307,-0.09116583333333328,0.6073341666666666,0.26108333333333333,top12_mean
433,7KIR-A,12,0.11816000000000004,0.71816,0.29,-0.09128916666666664,0.5579608333333334,0.21933333333333335,top12_mean
803,6U26-A,12,0.03778999999999999,0.63779,0.123,-0.09202249999999997,0.7579775000000001,0.47283333333333327,top12_mean
605,1O9I-A,12,0.16303,0.76303,0.257,-0.09207666666666665,0.55759,0.2015,top12_mean
30,6AXF-A,12,0.2368,0.8368,0.226,-0.09237583333333331,0.5204575,0.17133333333333334,top12_mean
671,7PV0-A,12,0.042120000000000046,0.64212,0.056,-0.09331249999999996,0.5066875000000001,0.12199999999999998,top12_mean
931,6XP5-R,12,0.22877000000000003,0.82877,0.172,-0.09430083333333332,0.5056991666666667,0.08766666666666666,top12_mean
792,5TS9-A,12,0.31994,0.91994,0.323,-0.0944733333333333,0.5055266666666666,0.11474999999999998,top12_mean
578,3NOW-A,12,0.27,0.87,0.308,-0.09527333333333332,0.5047266666666667,0.143,top12_mean
860,5VU3-A,12,0.27576,0.87576,0.3,-0.09535333333333329,0.5857300000000001,0.2771666666666667,top12_mean
147,5DLJ-E,12,0.06476000000000004,0.66476,0.062,-0.09650083333333331,0.5534991666666667,0.16791666666666663,top12_mean
58,6BOZ-A,12,0.17086,0.77086,0.323,-0.09861083333333327,0.6899725000000001,0.45500000000000007,top12_mean
258,6FXO-A,12,0.25187,0.89787,0.446,-0.09979249999999996,0.5082075,0.20291666666666666,top12_mean
160,3DUH-A,12,0.028179999999999983,0.62818,0.174,-0.10010333333333328,0.57423,0.2323333333333333,top12_mean
254,4FVC-A,12,0.32332000000000005,0.92332,0.286,-0.10026916666666663,0.5985641666666667,0.27599999999999997,top12_mean
113,8CXO-A,12,0.07872000000000001,0.67872,0.392,-0.10039333333333329,0.61144,0.45341666666666663,top12_mean
25,3AUW-B,12,0.15109000000000006,0.95109,0.6,-0.10184833333333328,0.7256516666666667,0.5121666666666667,top12_mean
489,4LR9-A,12,0.17419000000000007,0.96219,0.588,-0.10234916666666664,0.8110674999999999,0.6115,top12_mean
273,2GIA-A,12,0.19511,0.79511,0.207,-0.10240416666666664,0.4975958333333333,0.10183333333333332,top12_mean
944,5Y0L-A,12,0.10560000000000003,0.7056,0.192,-0.10240999999999996,0.89434,0.7275833333333334,top12_mean
549,4N0L-A,12,0.01097999999999999,0.61098,0.322,-0.10241249999999998,0.4975875,0.19516666666666668,top12_mean
61,5BTV-A,12,0.1383000000000001,0.9513,0.613,-0.10277666666666659,0.9658066666666668,0.8685833333333332,top12_mean
722,2QZ7-A,12,0.25202,0.95502,0.503,-0.10293333333333331,0.50565,0.1366666666666667,top12_mean
1018,2ZXF-A,12,0.13773000000000002,0.73773,0.375,-0.10310583333333329,0.7404775,0.5440833333333334,top12_mean
356,3IMK-A,12,-0.024780000000000024,0.57522,0.127,-0.10459083333333331,0.4954091666666667,0.08366666666666667,top12_mean
957,2YA1-A,12,0.09064000000000005,0.69064,0.226,-0.10497499999999997,0.5611916666666668,0.29450000000000004,top12_mean
27,5AWF-A,12,0.23270000000000002,0.8327,0.193,-0.10541833333333332,0.49458166666666664,0.08016666666666668,top12_mean
536,6MRR-A,12,-0.06184999999999996,0.53815,0.109,-0.10559249999999998,0.49440749999999994,0.09475,top12_mean
90,3CGW-A,12,0.28776999999999997,0.88777,0.332,-0.10620166666666665,0.49379833333333334,0.13016666666666668,top12_mean
901,2WVI-A,12,0.16209000000000007,0.76209,0.393,-0.1065383333333333,0.4934616666666667,0.12216666666666669,top12_mean
654,6PF2-A,12,0.03592000000000006,0.63592,0.093,-0.1067083333333333,0.503375,0.15683333333333335,top12_mean
423,5KDR-B,12,0.2586100000000001,0.93661,0.478,-0.10771499999999996,0.498785,0.12583333333333332,top12_mean
662,4PK1-A,12,0.03754999999999997,0.63755,0.31,-0.10822166666666665,0.5905283333333333,0.30483333333333335,top12_mean
593,7NX1-A,12,0.19301000000000013,0.96401,0.571,-0.10824833333333328,0.5484183333333332,0.27149999999999996,top12_mean
741,3RIU-A,12,0.25608,0.85608,0.209,-0.11014583333333332,0.5591041666666667,0.26225000000000004,top12_mean
170,2E1F-A,12,0.14973999999999998,0.74974,0.193,-0.11054249999999999,0.48945750000000005,0.12758333333333335,top12_mean
136,7DE1-A,12,0.21830000000000005,0.8183,0.269,-0.11171666666666663,0.7927833333333333,0.6193333333333334,top12_mean
72,3C2H-A,12,0.015310000000000046,0.61531,0.078,-0.1138333333333333,0.4861666666666667,0.07841666666666666,top12_mean
455,5L2E-A,12,-0.051549999999999985,0.54845,0.191,-0.11415666666666664,0.5269266666666667,0.24016666666666667,top12_mean
192,7EGT-A,12,0.17859999999999998,0.8986,0.52,-0.11500083333333333,0.5333325,0.25758333333333333,top12_mean
978,6YSF-C,12,0.3172400000000001,0.91724,0.312,-0.11513166666666663,0.4848683333333333,0.12449999999999999,top12_mean
883,4WLR-A,12,0.24984000000000006,0.84984,0.394,-0.11589499999999996,0.6961050000000001,0.5630833333333333,top12_mean
316,6HHG-A,12,-0.003029999999999977,0.59697,0.349,-0.11617999999999999,0.6056533333333335,0.4095,top12_mean
772,5T0H-f,12,0.13649,0.73649,0.167,-0.11648249999999997,0.48351750000000004,0.09391666666666666,top12_mean
610,7OF0-G,12,0.12185000000000001,0.72185,0.203,-0.11678749999999997,0.5703791666666667,0.255,top12_mean
585,7NRE-A,12,-0.031079999999999997,0.56892,0.087,-0.11718916666666664,0.6733108333333333,0.3701666666666666,top12_mean
767,5SVB-B,12,0.27260000000000006,0.8726,0.298,-0.11803999999999996,0.5111266666666667,0.19683333333333333,top12_mean
402,6JS9-A,12,0.28947,0.88947,0.329,-0.1194733333333333,0.4805266666666667,0.12533333333333332,top12_mean
379,3J4U-H,12,-0.03251999999999999,0.56748,0.076,-0.11976666666666663,0.48023333333333335,0.06583333333333334,top12_mean
317,1HIA-A,12,0.32569000000000004,0.92569,0.313,-0.12048666666666664,0.48684666666666665,0.21516666666666664,top12_mean
226,6F3T-A,12,0.07274999999999998,0.67275,0.37,-0.12094916666666665,0.5324675,0.28833333333333333,top12_mean
323,4HNY-A,12,0.17213,0.77213,0.299,-0.12191749999999997,0.5195825,0.20175000000000007,top12_mean
1003,3ZEH-A,12,0.13062000000000007,0.73062,0.247,-0.12317499999999992,0.7688250000000001,0.6465833333333334,top12_mean
1012,6ZN8-C,12,-0.06720999999999999,0.53279,0.08,-0.1234175,0.47658249999999996,0.09258333333333334,top12_mean
111,4CW4-A,12,0.019519999999999982,0.61952,0.178,-0.12349666666666663,0.47650333333333333,0.16374999999999998,top12_mean
682,7QDV-A,12,0.02695000000000003,0.62695,0.085,-0.12368166666666663,0.47631833333333334,0.08341666666666665,top12_mean
367,6IY4-I,12,0.23419,0.83419,0.326,-0.1243733333333333,0.4756266666666668,0.12183333333333334,top12_mean
980,5YTQ-A,12,0.033009999999999984,0.63301,0.153,-0.12513083333333333,0.47486916666666673,0.14141666666666666,top12_mean
467,3L9Z-A,12,0.16476000000000002,0.76476,0.281,-0.1251483333333333,0.5242683333333333,0.22375,top12_mean
921,5XFA-C,12,0.35395,0.95395,0.379,-0.12580999999999998,0.47418999999999994,0.12475000000000003,top12_mean
898,6WTF-A,12,0.11019000000000001,0.71019,0.135,-0.12625583333333332,0.4737441666666668,0.10533333333333333,top12_mean
1006,3ZJQ-A,12,0.19340999999999997,0.94741,0.554,-0.1263733333333333,0.9326266666666667,0.8170000000000001,top12_mean
545,4MYW-A,12,0.27999000000000007,0.87999,0.251,-0.1279691666666666,0.6039475000000001,0.3324166666666667,top12_mean
420,2K9K-A,12,0.02626000000000006,0.62626,0.287,-0.12849249999999995,0.47150750000000013,0.21050000000000002,top12_mean
153,7DMO-A,12,0.3247300000000001,0.92473,0.373,-0.12867666666666666,0.4713233333333333,0.12233333333333334,top12_mean
614,3OHG-A,12,0.14700000000000002,0.747,0.231,-0.12942166666666666,0.4705783333333334,0.12958333333333333,top12_mean
524,1MHM-B,12,0.21072000000000002,0.81072,0.346,-0.12982333333333332,0.47017666666666663,0.154,top12_mean
843,7VJO-A,12,0.25732,0.85732,0.221,-0.13033499999999998,0.47799833333333336,0.11733333333333333,top12_mean
833,5V9X-A,12,-0.09343000000000001,0.50657,0.191,-0.13053083333333332,0.4694691666666666,0.14133333333333337,top12_mean
875,7WFG-O,12,0.02427999999999997,0.62428,0.371,-0.13070749999999998,0.4692924999999999,0.15758333333333333,top12_mean
621,6ONU-B,12,-0.01973999999999998,0.58026,0.153,-0.13269666666666666,0.5099699999999999,0.22175,top12_mean
318,3HJE-A,12,0.34284000000000003,0.94284,0.333,-0.13317833333333332,0.4918216666666666,0.18883333333333338,top12_mean
513,4M6W-A,12,0.12826000000000004,0.72826,0.142,-0.13361499999999996,0.5151350000000001,0.2076666666666667,top12_mean
501,4LXD-A,12,0.20486000000000004,0.80486,0.194,-0.13453499999999993,0.8990483333333333,0.8164166666666667,top12_mean
918,5X62-A,12,0.22254000000000007,0.82254,0.323,-0.13490749999999996,0.46509249999999996,0.11333333333333334,top12_mean
914,6X4T-A,12,-0.11185999999999996,0.48814,0.07,-0.13542916666666663,0.4645708333333333,0.09683333333333333,top12_mean
327,6HUA-A,12,0.026410000000000045,0.62641,0.235,-0.13593333333333332,0.49856666666666666,0.163,top12_mean
57,4BOM-A,12,0.18922000000000005,0.88622,0.497,-0.1375141666666666,0.8660691666666666,0.8035833333333332,top12_mean
177,7E72-E,12,-0.09633000000000003,0.50367,0.097,-0.13835333333333333,0.5103133333333333,0.21341666666666667,top12_mean
87,1CFR-A,12,0.31500000000000006,0.915,0.303,-0.13977666666666663,0.46022333333333326,0.11591666666666667,top12_mean
37,3B49-A,12,0.05071999999999999,0.65072,0.104,-0.1416525,0.5075141666666667,0.16866666666666666,top12_mean
733,6R7H-O,12,0.26078,0.86078,0.36,-0.14168083333333328,0.5389858333333334,0.2688333333333333,top12_mean
133,6DCL-A,12,-0.07906000000000002,0.91394,0.793,-0.14188083333333332,0.4908691666666667,0.25599999999999995,top12_mean
172,5E10-A,12,0.27174,0.87174,0.233,-0.14370166666666664,0.4562983333333334,0.15108333333333332,top12_mean
617,6OJJ-A,12,0.23547,0.84847,0.413,-0.14411166666666664,0.555055,0.2763333333333334,top12_mean
856,1VRY-A,12,-0.07184999999999997,0.52815,0.083,-0.14530833333333334,0.45469166666666666,0.057166666666666664,top12_mean
284,1GPR-A,12,0.25361000000000006,0.86961,0.416,-0.14565249999999996,0.45968083333333337,0.15191666666666664,top12_mean
518,7MCA-C,12,0.08232000000000006,0.68232,0.146,-0.14792666666666665,0.45207333333333327,0.10425,top12_mean
413,3K3F-A,12,0.34450000000000003,0.9445,0.321,-0.14993166666666666,0.49981833333333325,0.2046666666666667,top12_mean
587,7NSC-E,12,-0.08443,0.51557,0.111,-0.15061416666666663,0.4493858333333333,0.08966666666666666,top12_mean
3,5A5U-B,12,0.13770000000000004,0.7377,0.308,-0.1522241666666666,0.5326924999999999,0.28625,top12_mean
783,7TE3-A,12,0.27234,0.87234,0.225,-0.15334249999999996,0.5422408333333333,0.26958333333333334,top12_mean
193,7EH9-A,12,0.14489000000000007,0.74489,0.262,-0.1558008333333333,0.4941991666666667,0.17383333333333337,top12_mean
537,1MSZ-A,12,-0.04732000000000003,0.55268,0.12,-0.1574883333333333,0.4425116666666667,0.08600000000000001,top12_mean
618,2OKX-A,12,0.07867000000000002,0.67867,0.165,-0.15753499999999995,0.44246499999999994,0.09999999999999999,top12_mean
828,5V3R-A,12,0.2962,0.8962,0.296,-0.15875416666666664,0.5412458333333332,0.28175,top12_mean
242,6FH4-A,12,-0.05177999999999994,0.54822,0.143,-0.1588825,0.4411175,0.10825000000000001,top12_mean
732,6R7F-A,12,0.09694000000000003,0.69694,0.209,-0.15889166666666663,0.4961916666666666,0.20591666666666666,top12_mean
292,1GY0-A,12,0.10831000000000002,0.70831,0.163,-0.15916749999999996,0.5401658333333333,0.24983333333333335,top12_mean
834,7V99-A,12,0.16554999999999997,0.76555,0.151,-0.16085999999999998,0.47064,0.19699999999999998,top12_mean
173,7E15-C,12,0.16161999999999999,0.91862,0.557,-0.16095416666666665,0.45212916666666664,0.15516666666666667,top12_mean
816,4UMI-A,12,0.15671000000000002,0.75671,0.109,-0.16173833333333332,0.5882616666666667,0.31983333333333336,top12_mean
380,1J7M-A,12,0.10758000000000001,0.79958,0.492,-0.1619358333333333,0.4814808333333333,0.25433333333333336,top12_mean
895,6WRV-C,12,0.24122,0.84122,0.276,-0.16226249999999998,0.43773749999999995,0.132,top12_mean
221,4F0V-A,12,-0.0015300000000000313,0.59847,0.155,-0.1636766666666666,0.7834066666666667,0.6296666666666667,top12_mean
960,5YBB-A,12,0.16118,0.76118,0.379,-0.16439583333333332,0.4356041666666666,0.16325,top12_mean
787,4TQV-B,12,0.16659000000000002,0.76659,0.208,-0.16445916666666666,0.43554083333333327,0.10733333333333335,top12_mean
674,1Q2H-A,12,-0.11114999999999997,0.48885,0.075,-0.16460416666666663,0.43539583333333337,0.10483333333333333,top12_mean
808,6U75-A,12,0.17571000000000003,0.90071,0.525,-0.1653508333333333,0.4517325000000001,0.16516666666666666,top12_mean
225,2F22-A,12,0.13382000000000005,0.73382,0.209,-0.16602416666666667,0.4339758333333333,0.08608333333333333,top12_mean
21,7AR7-p,12,0.08818000000000004,0.68818,0.184,-0.16607249999999998,0.5175108333333334,0.23816666666666667,top12_mean
795,1TV3-A,12,0.03312999999999999,0.63313,0.082,-0.16735999999999998,0.48247333333333337,0.15666666666666668,top12_mean
604,5O8X-A,12,0.26456999999999997,0.86457,0.263,-0.16770916666666666,0.43920750000000003,0.12491666666666666,top12_mean
293,6GY6-B,12,0.2866000000000001,0.8866,0.352,-0.16810166666666662,0.4844816666666667,0.21066666666666664,top12_mean
485,4LMH-A,12,0.21531,0.81531,0.261,-0.16852083333333331,0.43147916666666664,0.12166666666666666,top12_mean
592,5NV9-A,12,0.08001000000000003,0.68001,0.122,-0.1689466666666666,0.43105333333333334,0.08891666666666666,top12_mean
900,6WUH-B,12,0.09608000000000005,0.69608,0.159,-0.1691325,0.4308675,0.10066666666666667,top12_mean
879,2WIU-A,12,0.25594000000000006,0.85594,0.275,-0.16949666666666666,0.6282533333333333,0.41883333333333334,top12_mean
10,2ADC-A,12,0.17117000000000004,0.77117,0.255,-0.17093583333333331,0.46198083333333345,0.23158333333333334,top12_mean
196,1EJ6-D,12,0.31474,0.91474,0.284,-0.172005,0.4279949999999999,0.09233333333333334,top12_mean
244,6FI7-A,12,0.02307999999999999,0.62308,0.373,-0.1723016666666666,0.4619483333333334,0.23541666666666664,top12_mean
189,2EG3-A,12,0.19434000000000007,0.79434,0.256,-0.17392416666666666,0.42607583333333326,0.11025,top12_mean
142,4DI0-A,12,0.24235000000000012,0.85335,0.411,-0.17438833333333328,0.4435283333333333,0.15291666666666667,top12_mean
902,3WVA-A,12,-0.14941,0.45059,0.072,-0.17513,0.4248700000000001,0.07475,top12_mean
312,6HE6-A,12,0.06425999999999998,0.66426,0.188,-0.17936249999999998,0.42063749999999994,0.08816666666666666,top12_mean
867,7W59-K,12,0.30241000000000007,0.90241,0.307,-0.18099583333333327,0.4190041666666667,0.09641666666666665,top12_mean
246,2FNF-X,12,0.011440000000000006,0.61144,0.196,-0.18114333333333332,0.4602733333333333,0.25000000000000006,top12_mean
491,2LSY-A,12,0.10204999999999997,0.70205,0.136,-0.18162749999999997,0.6985391666666668,0.5269166666666667,top12_mean
529,2MM0-A,12,0.21831,0.81831,0.317,-0.18182333333333334,0.45126,0.13566666666666669,top12_mean
352,3IIB-A,12,0.1291,0.7291,0.206,-0.18197416666666666,0.4180258333333334,0.1381666666666667,top12_mean
540,4MTM-A,12,0.019950000000000023,0.61995,0.2,-0.1819758333333333,0.41802416666666664,0.08783333333333333,top12_mean
705,6QPW-A,12,0.17686999999999997,0.77687,0.305,-0.18224166666666666,0.4177583333333333,0.15075,top12_mean
119,2D4Y-A,12,0.34412,0.94412,0.376,-0.18250999999999998,0.41748999999999997,0.12858333333333333,top12_mean
681,6QDK-A,12,0.17025,0.77025,0.283,-0.18389499999999995,0.5104383333333332,0.25500000000000006,top12_mean
99,7CNS-A,12,0.34626,0.94626,0.309,-0.1850058333333333,0.4149941666666666,0.11191666666666668,top12_mean
471,5LCL-B,12,0.11885000000000001,0.71885,0.28,-0.18700416666666664,0.46299583333333333,0.20524999999999993,top12_mean
541,6MTF-A,12,0.20213000000000003,0.80213,0.167,-0.18757,0.4124300000000001,0.10725,top12_mean
963,5YEH-A,12,0.10232000000000008,0.70232,0.311,-0.1887283333333333,0.6935216666666667,0.6420833333333332,top12_mean
159,2DSR-G,12,0.14544999999999997,0.74545,0.324,-0.18889166666666665,0.4111083333333334,0.13899999999999998,top12_mean
830,3V53-A,12,0.06703999999999999,0.66704,0.232,-0.18976916666666663,0.41023083333333327,0.11175,top12_mean
534,2MR3-A,12,0.08976000000000006,0.68976,0.276,-0.1904875,0.40951249999999995,0.11016666666666668,top12_mean
998,2Z5E-A,12,0.18490000000000006,0.7849,0.14,-0.1910758333333333,0.4089241666666666,0.09883333333333334,top12_mean
977,2YSR-A,12,-0.12632,0.47368,0.09,-0.1925633333333333,0.40743666666666667,0.08566666666666667,top12_mean
870,3W99-B,12,-0.018379999999999952,0.96062,0.779,-0.19283249999999996,0.9768341666666666,0.9696666666666668,top12_mean
726,2R2A-A,12,-0.18458999999999998,0.41541,0.073,-0.19312666666666664,0.40687333333333336,0.0705,top12_mean
842,6VJ2-A,12,0.16022999999999998,0.76023,0.368,-0.19331833333333334,0.40668166666666666,0.15016666666666664,top12_mean
639,7P2O-A,12,0.04737000000000002,0.64737,0.175,-0.19361499999999998,0.46055166666666664,0.20933333333333337,top12_mean
911,4X3X-A,12,0.08074000000000003,0.68074,0.269,-0.19582583333333328,0.45100749999999984,0.1901666666666667,top12_mean
416,5K5J-A,12,0.03015000000000001,0.63015,0.325,-0.19590833333333332,0.6460083333333333,0.5861666666666667,top12_mean
478,5LI4-A,12,0.13749,0.73749,0.11,-0.19624916666666667,0.4037508333333333,0.08758333333333335,top12_mean
749,3RNN-A,12,-0.10292000000000001,0.99308,0.896,-0.19659249999999995,0.9869908333333334,0.9835833333333334,top12_mean
122,5D5N-B,12,0.24706000000000006,0.84706,0.227,-0.1991116666666666,0.4500549999999999,0.17850000000000002,top12_mean
1007,4ZJN-A,12,0.04085000000000005,0.64085,0.085,-0.19998083333333327,0.49243583333333335,0.22991666666666666,top12_mean
558,5N9J-B,12,0.33329,0.93329,0.229,-0.2000191666666666,0.3999808333333334,0.09491666666666666,top12_mean
598,4O2T-A,12,0.015230000000000077,0.61523,0.126,-0.20071583333333332,0.3992841666666667,0.09816666666666668,top12_mean
140,4DHX-B,12,0.16658000000000006,0.76658,0.27,-0.2013141666666666,0.3986858333333334,0.09974999999999999,top12_mean
745,3RK6-A,12,0.14407000000000003,0.74407,0.197,-0.20155499999999996,0.398445,0.08891666666666669,top12_mean
43,5B88-A,12,-0.0026999999999999247,0.5973,0.181,-0.20298166666666664,0.39701833333333325,0.08983333333333333,top12_mean
366,2IY2-A,12,0.08940999999999999,0.68941,0.295,-0.20437583333333334,0.3956241666666667,0.07983333333333333,top12_mean
300,2H3R-A,12,-0.19496999999999998,0.40503,0.043,-0.2050991666666667,0.39490083333333326,0.07166666666666667,top12_mean
864,3VZA-C,12,0.048329999999999984,0.64833,0.164,-0.20598999999999998,0.44401000000000007,0.15458333333333332,top12_mean
653,2PFT-A,12,0.08540999999999999,0.68541,0.209,-0.20661749999999998,0.39338249999999997,0.09350000000000001,top12_mean
893,6WQX-A,12,0.21369000000000005,0.81369,0.292,-0.20798416666666664,0.3920158333333333,0.11175,top12_mean
849,1VQL-J,12,0.24167000000000005,0.84167,0.326,-0.20853999999999995,0.3997933333333333,0.13366666666666668,top12_mean
891,1WP9-A,12,0.03326000000000007,0.63326,0.151,-0.21076916666666665,0.38923083333333336,0.1365,top12_mean
93,2CIC-A,12,0.13385000000000002,0.73385,0.328,-0.21133666666666662,0.38866333333333336,0.12516666666666668,top12_mean
268,3GAB-A,12,0.09706000000000004,0.69706,0.121,-0.21154083333333332,0.38845916666666663,0.107,top12_mean
368,6IZS-A,12,0.00501000000000007,0.60501,0.184,-0.21234416666666667,0.38765583333333337,0.09725,top12_mean
301,1H4L-D,12,0.04166000000000003,0.64166,0.061,-0.21280333333333332,0.4371966666666667,0.1565,top12_mean
125,7D8X-D,12,-0.15442,0.44558,0.049,-0.21413749999999998,0.43586250000000004,0.13583333333333333,top12_mean
786,5TJW-A,12,0.24331000000000003,0.84331,0.378,-0.21485166666666666,0.7976483333333334,0.7651666666666666,top12_mean
82,5CC5-A,12,0.09253000000000011,0.98853,0.696,-0.21659499999999995,0.5820716666666667,0.4021666666666666,top12_mean
600,3O39-A,12,0.2721,0.8721,0.267,-0.21679166666666663,0.514875,0.33049999999999996,top12_mean
569,3NE5-B,12,0.038040000000000074,0.63804,0.194,-0.21749999999999994,0.43249999999999994,0.18075,top12_mean
255,4FW9-A,12,0.16283000000000003,0.76283,0.228,-0.2176525,0.5805141666666667,0.3986666666666667,top12_mean
517,7M93-A,12,-0.11173,0.48827,0.102,-0.2194775,0.38052249999999993,0.07241666666666667,top12_mean
528,7ML9-A,12,0.05612000000000006,0.65612,0.234,-0.22003999999999999,0.37996,0.12,top12_mean
739,1RHX-A,12,0.13688,0.73688,0.247,-0.2201008333333333,0.4203158333333334,0.16066666666666668,top12_mean
684,7QEZ-A,12,-0.12922,0.95778,0.887,-0.22072166666666662,0.9522783333333334,0.9729999999999999,top12_mean
755,6S6H-A,12,0.13188,0.73388,0.402,-0.22079583333333333,0.3793708333333334,0.13583333333333333,top12_mean
29,3AXJ-B,12,0.1919800000000001,0.80698,0.415,-0.2219758333333333,0.4197741666666667,0.16316666666666668,top12_mean
131,6DBI-A,12,-0.008099999999999996,0.9689,0.777,-0.22470999999999997,0.62029,0.5023333333333334,top12_mean
615,7OI6-v,12,-0.14357999999999999,0.45642,0.022,-0.22700166666666666,0.37299833333333327,0.09858333333333331,top12_mean
559,6N9O-A,12,0.15008,0.75008,0.267,-0.22712749999999993,0.4002058333333333,0.16266666666666665,top12_mean
98,5CNQ-A,12,0.15534000000000003,0.75534,0.196,-0.22817666666666667,0.42049000000000003,0.1901666666666667,top12_mean
388,1JHG-A,12,0.07301999999999997,0.67302,0.178,-0.22955666666666663,0.74661,0.6926666666666667,top12_mean
575,7NMI-B,12,-0.010659999999999947,0.61234,0.423,-0.23123916666666663,0.4395941666666667,0.314,top12_mean
330,5I0C-A,12,0.20524000000000003,0.85324,0.448,-0.23234249999999998,0.37165750000000003,0.12441666666666668,top12_mean
389,1JJD-A,12,0.07305000000000006,0.67305,0.36,-0.2326075,0.36739249999999996,0.19516666666666668,top12_mean
341,2I9C-A,12,-0.11434999999999995,0.48565,0.114,-0.23476,0.36524,0.084,top12_mean
250,2FRX-A,12,0.25362000000000007,0.85362,0.288,-0.23504749999999996,0.3649525,0.11708333333333333,top12_mean
328,5HWI-A,12,0.09516999999999998,0.69517,0.385,-0.23724333333333333,0.40134,0.19299999999999998,top12_mean
657,2PIH-A,12,-0.17276999999999998,0.42723,0.078,-0.23743666666666663,0.4125633333333334,0.15266666666666667,top12_mean
805,5U4W-H,12,-0.14450999999999997,0.45549,0.026,-0.2380658333333333,0.3619341666666666,0.06108333333333333,top12_mean
754,6RZ3-A,12,-0.21270999999999995,0.96229,0.975,-0.23906083333333328,0.9415225,0.9805833333333333,top12_mean
222,6F0K-D,12,0.28687000000000007,0.88687,0.388,-0.24007666666666663,0.3599233333333334,0.1125,top12_mean
295,1GZS-B,12,0.022280000000000078,0.62228,0.265,-0.24080416666666662,0.38636249999999994,0.14975,top12_mean
66,3BXZ-A,12,-0.2084299999999999,0.96557,0.974,-0.2412483333333333,0.40658500000000003,0.15083333333333335,top12_mean
633,7OXV-A,12,0.20618999999999998,0.80619,0.362,-0.2413908333333333,0.3586091666666667,0.10949999999999999,top12_mean
69,3BYQ-A,12,0.09894000000000003,0.69894,0.39,-0.24140416666666664,0.3585958333333333,0.1145,top12_mean
22,7AR8-c,12,0.13978999999999997,0.73979,0.318,-0.24141083333333332,0.4085891666666667,0.15858333333333333,top12_mean
166,2DYT-A,12,0.13125000000000003,0.74625,0.415,-0.24214499999999997,0.45277166666666663,0.26366666666666666,top12_mean
929,2XOL-A,12,0.046540000000000026,0.64654,0.066,-0.24374083333333332,0.40517583333333346,0.14391666666666666,top12_mean
1001,2ZD2-A,12,0.31189,0.91189,0.37,-0.24416666666666664,0.4055,0.1635,top12_mean
302,5H45-A,12,0.3507,0.9507,0.391,-0.24444750000000004,0.35555249999999994,0.10966666666666668,top12_mean
476,7LGC-A,12,0.025550000000000073,0.62555,0.167,-0.2457283333333333,0.3542716666666667,0.07458333333333333,top12_mean
525,3MKY-B,12,0.08094000000000001,0.68094,0.222,-0.2459783333333333,0.4540216666666666,0.23925000000000005,top12_mean
415,5K5F-A,12,0.024370000000000003,0.62437,0.219,-0.24680916666666664,0.3975241666666667,0.17408333333333334,top12_mean
766,5SVB-A,12,0.22512,0.82512,0.218,-0.2481899999999999,0.4011433333333334,0.16483333333333333,top12_mean
629,2OTT-X,12,0.11499000000000004,0.71499,0.299,-0.24883083333333333,0.39941916666666666,0.17058333333333334,top12_mean
496,3LUU-A,12,0.20532000000000006,0.80532,0.376,-0.24996583333333333,0.35003416666666665,0.09116666666666667,top12_mean
348,4IFA-A,12,0.24260000000000004,0.8426,0.258,-0.250465,0.349535,0.08216666666666667,top12_mean
740,3RH7-A,12,-0.08853999999999995,0.51146,0.382,-0.25105916666666667,0.3489408333333333,0.15975,top12_mean
690,7QH7-s,12,0.10016000000000003,0.70016,0.197,-0.25303916666666665,0.38371083333333345,0.14975000000000002,top12_mean
554,3N5B-B,12,-0.04510999999999998,0.75489,0.6,-0.2561408333333333,0.3605258333333334,0.12675,top12_mean
994,5Z1V-A,12,-0.18473,0.41527,0.107,-0.2577616666666666,0.34223833333333337,0.08866666666666667,top12_mean
778,1TDH-A,12,-0.20096999999999998,0.99503,0.996,-0.25860083333333334,0.9296491666666665,0.9882500000000002,top12_mean
289,5GVE-B,12,0.19755,0.79755,0.297,-0.2610166666666666,0.33898333333333336,0.08558333333333333,top12_mean
953,5Y7G-A,12,0.24072000000000005,0.84072,0.21,-0.26103916666666666,0.3389608333333333,0.09100000000000001,top12_mean
630,2OUW-A,12,0.05808000000000002,0.65808,0.225,-0.26119249999999994,0.3388075,0.08075,top12_mean
894,5WRH-A,12,0.18133,0.78133,0.27,-0.2619933333333333,0.37633999999999995,0.16808333333333336,top12_mean
92,7CH8-A,12,0.11784000000000006,0.71784,0.382,-0.2671233333333333,0.3328766666666667,0.11558333333333333,top12_mean
984,4YWK-A,12,0.21328000000000003,0.81328,0.256,-0.2682824999999999,0.47038416666666666,0.31024999999999997,top12_mean
384,3JAY-D,12,0.15592000000000006,0.75592,0.09,-0.27110999999999996,0.4248066666666667,0.2270833333333334,top12_mean
55,5BMT-A,12,0.038470000000000004,0.63847,0.108,-0.27358249999999995,0.32641749999999997,0.07058333333333333,top12_mean
179,5E8C-B,12,0.02978000000000003,0.85278,0.623,-0.2751591666666667,0.39342416666666674,0.1951666666666667,top12_mean
408,2JZE-A,12,-0.17602999999999996,0.42397,0.08,-0.27550833333333336,0.3719083333333333,0.15083333333333335,top12_mean
202,7ENH-B,12,-0.19718999999999998,0.40281,0.069,-0.27649416666666665,0.3235058333333333,0.06300000000000001,top12_mean
588,6NTV-A,12,0.17018,0.77018,0.309,-0.2768399999999999,0.32316000000000006,0.09100000000000001,top12_mean
448,6KZ8-A,12,0.018710000000000004,0.61871,0.25,-0.27704249999999997,0.32295749999999995,0.08508333333333334,top12_mean
1019,2ZXO-A,12,0.2523600000000001,0.85936,0.407,-0.2784058333333333,0.32217749999999995,0.10958333333333332,top12_mean
139,2DGY-A,12,0.052590000000000026,0.65259,0.258,-0.27851666666666663,0.36590000000000006,0.15608333333333335,top12_mean
561,4NBY-A,12,0.06057999999999997,0.66058,0.338,-0.2819558333333333,0.5012941666666667,0.38766666666666666,top12_mean
79,7C9R-Q,12,-0.03720000000000001,0.5628,0.315,-0.28241,0.33984,0.14241666666666666,top12_mean
660,3PJS-K,12,0.09798000000000007,0.69798,0.215,-0.2848933333333334,0.65169,0.6513333333333332,top12_mean
627,3OQC-A,12,0.19342000000000004,0.79342,0.349,-0.2849225,0.31507750000000007,0.08050000000000002,top12_mean
820,6UWR-A,12,0.006979999999999986,0.60698,0.363,-0.28497583333333326,0.35919083333333335,0.24341666666666664,top12_mean
699,4QLP-B,12,0.043420000000000014,0.64342,0.23,-0.28711,0.31289,0.0815,top12_mean
815,1UKF-A,12,-0.24480999999999997,0.35519,0.036,-0.2875375,0.31246250000000003,0.07066666666666667,top12_mean
161,5DUD-B,12,0.17808999999999997,0.77809,0.344,-0.2894116666666667,0.32058833333333336,0.12333333333333334,top12_mean
586,7NS2-A,12,-0.007560000000000011,0.59244,0.079,-0.29060749999999996,0.30939249999999996,0.062083333333333345,top12_mean
638,4P2L-A,12,0.025009999999999977,0.62501,0.239,-0.2929108333333333,0.38475583333333335,0.23175000000000004,top12_mean
109,2CUJ-A,12,0.06998000000000004,0.66998,0.282,-0.29302750000000005,0.35697249999999997,0.16333333333333333,top12_mean
52,4BIQ-C,12,0.04254999999999998,0.64255,0.101,-0.2937433333333333,0.3062566666666667,0.06991666666666665,top12_mean
355,1IKP-A,12,0.24291000000000007,0.84291,0.3,-0.294205,0.355545,0.16216666666666665,top12_mean
818,5UQE-A,12,0.011789999999999967,0.61179,0.341,-0.2963575,0.5997258333333333,0.5980833333333334,top12_mean
210,7ESY-B,12,0.12462000000000006,0.72462,0.221,-0.2971041666666666,0.34931249999999997,0.15608333333333332,top12_mean
297,6GZ8-A,12,-0.25677,0.34323,0.069,-0.30180583333333333,0.29819416666666665,0.1065,top12_mean
642,2P6A-C,12,-0.026059999999999917,0.62994,0.456,-0.3029058333333333,0.35492750000000006,0.2025,top12_mean
553,4N4I-A,12,-0.2305799999999999,0.95342,0.984,-0.3037633333333333,0.39357,0.2233333333333333,top12_mean
707,1QQH-A,12,-0.24245999999999995,0.35754,0.119,-0.3054233333333333,0.29457666666666665,0.056333333333333326,top12_mean
556,6N7P-A,12,0.04415000000000002,0.64415,0.255,-0.30683833333333327,0.32157833333333324,0.13408333333333333,top12_mean
299,6H04-D,12,0.08221,0.68221,0.308,-0.3090983333333333,0.29090166666666667,0.13058333333333333,top12_mean
668,7PPJ-A,12,0.017260000000000053,0.69926,0.482,-0.31933833333333334,0.287495,0.10125,top12_mean
427,3KFW-X,12,-0.20051999999999998,0.39948,0.071,-0.3223533333333333,0.27764666666666665,0.09050000000000001,top12_mean
774,3T5Q-A,12,-0.22734999999999994,0.91365,0.941,-0.3223633333333333,0.42072000000000004,0.29824999999999996,top12_mean
88,7CFC-A,12,-0.29025999999999996,0.30974,0.027,-0.3266075,0.27339250000000004,0.05933333333333334,top12_mean
714,6QUP-A,12,-0.2784,0.3216,0.113,-0.328435,0.271565,0.07125,top12_mean
188,7EEI-A,12,0.13485000000000003,0.73485,0.357,-0.33072416666666665,0.2692758333333334,0.09308333333333335,top12_mean
965,2YGK-A,12,-0.29162,0.30838,0.037,-0.33381583333333326,0.2661841666666667,0.06758333333333333,top12_mean
650,7PAG-A,12,0.02033000000000007,0.62033,0.127,-0.3361183333333333,0.2638816666666666,0.06358333333333335,top12_mean
981,2YU4-A,12,0.03322999999999998,0.63323,0.214,-0.3369391666666666,0.26306083333333335,0.10041666666666667,top12_mean
570,6NEQ-G,12,-0.15337999999999996,0.94562,0.899,-0.3475891666666666,0.29399416666666667,0.12666666666666668,top12_mean
308,6H60-A,12,-0.28696,0.31304,0.077,-0.35038499999999995,0.24961499999999995,0.06308333333333334,top12_mean
218,6EXN-c,12,0.03893000000000002,0.63893,0.317,-0.3730466666666667,0.2269533333333333,0.06424999999999999,top12_mean
903,4WVG-A,12,-0.2037,0.9863,0.99,-0.38204083333333333,0.7210424999999999,0.9030833333333333,top12_mean
507,2M33-A,12,-0.07512999999999992,0.73187,0.607,-0.3881258333333332,0.7152908333333333,0.9034166666666666,top12_mean
601,5O31-i,12,-0.23521999999999998,0.96478,1.0,-0.39475749999999993,0.2552425,0.09141666666666666,top12_mean
